case_name,time_day,reactive_area_m2,reactive_area_in2,Lx_m,Ly_m,Lz_m,nx,ny,nz,number_of_fractures,temperature_C,injection_rate_m3_day,aperture_m,permeability_m2,maximum_pressure_pa,analytical_generated_H2_m3_day,applied_generated_H2_m3_day,produced_H2_m3_day,cumulative_generated_H2_mol,cumulative_produced_H2_mol,stored_H2_mol,relative_H2_balance_error,inventory_remaining_fraction
benchmark_200C,0.1,0.00580644,9.0,0.0381,0.0025,0.0762,80,5,80,1,200.0,0.00015,0.0025,6.14e-11,3700001.685922231,3.461332802564865e-09,3.461332802564865e-09,3.103192469884371e-09,1.5442726878579753e-08,1.3844884759009418e-08,1.5978421195703767e-09,2.678220689444397e-15,1.0
benchmark_200C,0.2,0.00580644,9.0,0.0381,0.0025,0.0762,80,5,80,1,200.0,0.00015,0.0025,6.14e-11,3700001.685922231,7.576223278642218e-09,7.576223278642218e-09,7.1242976347181835e-09,4.9244026417449285e-08,4.5629919267433543e-08,3.6141071500158645e-09,2.494441050023448e-15,1.0
benchmark_200C,0.30000000000000004,0.00580644,9.0,0.0381,0.0025,0.0762,80,5,80,1,200.0,0.00015,0.0025,6.14e-11,3700001.685922231,1.2432458566586745e-08,1.2432458566586745e-08,1.1897399059091138e-08,1.0471140647717423e-07,9.871013279063841e-08,6.001273686536059e-09,2.2750913623455405e-15,1.0
benchmark_200C,0.4,0.00580644,9.0,0.0381,0.0025,0.0762,80,5,80,1,200.0,0.00015,0.0025,6.14e-11,3700001.685922231,1.8114421501799316e-08,1.8114421501799316e-08,1.7487970726074046e-08,1.855288487088121e-07,1.7673266659127215e-07,8.796182117540352e-09,2.1668316302211665e-15,1.0
benchmark_200C,0.5,0.00580644,9.0,0.0381,0.0025,0.0762,80,5,80,1,200.0,0.00015,0.0025,6.14e-11,3700001.685922231,2.46958642124306e-08,2.46958642124306e-08,2.396976936621739e-08,2.957093796824473e-07,2.8367372738460396e-07,1.2035652297843948e-08,1.9972547302932876e-15,1.0
benchmark_200C,0.6000000000000001,0.00580644,9.0,0.0381,0.0025,0.0762,80,5,80,1,200.0,0.00015,0.0025,6.14e-11,3700001.685922231,3.2230792734253335e-08,3.2230792734253335e-08,3.139887255043804e-08,4.395069737497862e-07,4.237597118159328e-07,1.5747261933854303e-08,2.0928560775980504e-15,1.0
benchmark_200C,0.7000000000000001,0.00580644,9.0,0.0381,0.0025,0.0762,80,5,80,1,200.0,0.00015,0.0025,6.14e-11,3700001.685922231,4.074302803928701e-08,4.074302803928701e-08,3.9802376187974884e-08,6.212818824643709e-07,6.01337904855885e-07,1.9943977608487253e-08,2.1835116118403178e-15,1.0
benchmark_200C,0.8,0.00580644,9.0,0.0381,0.0025,0.0762,80,5,80,1,200.0,0.00015,0.0025,6.14e-11,3700001.685922231,5.021561809943275e-08,5.021561809943275e-08,4.9167783769364315e-08,8.453187259525156e-07,8.206998383321245e-07,2.4618887620392984e-08,2.195850201327804e-15,1.0
benchmark_200C,0.9,0.00580644,9.0,0.0381,0.0025,0.0762,80,5,80,1,200.0,0.00015,0.0025,6.14e-11,3700001.685922231,6.058189663671658e-08,6.058189663671658e-08,5.943389445674663e-08,1.1156046929227867e-06,1.085863996700763e-06,2.9740696222026196e-08,2.1621087482925928e-15,1.0
benchmark_200C,1.0,0.00580644,9.0,0.0381,0.0025,0.0762,80,5,80,1,200.0,0.00015,0.0025,6.14e-11,3700001.685922231,7.172038554097874e-08,7.172038554097874e-08,7.048529537510524e-08,1.4355849978258774e-06,1.4003339501901234e-06,3.5251047635757275e-08,2.2725232855246366e-15,1.0
benchmark_200C,1.1,0.00580644,9.0,0.0381,0.0025,0.0762,80,5,80,1,200.0,0.00015,0.0025,6.14e-11,3700001.685922231,8.345563877257125e-08,8.345563877257125e-08,8.215256099770869e-08,1.8079221030840698e-06,1.76685737750211e-06,4.1064725581963766e-08,2.1522263568833113e-15,1.0
benchmark_200C,1.2000000000000002,0.00580644,9.0,0.0381,0.0025,0.0762,80,5,80,1,200.0,0.00015,0.0025,6.14e-11,3700001.685922231,9.556632485123727e-08,9.556632485123727e-08,9.421954007251682e-08,2.234291001322837e-06,2.187217599115909e-06,4.7073402206933156e-08,2.1917061042696112e-15,1.0
benchmark_200C,1.3,0.00580644,9.0,0.0381,0.0025,0.0762,80,5,80,1,200.0,0.00015,0.0025,6.14e-11,3700001.685922231,1.0780038372500872e-07,1.0780038372500872e-07,1.0643772316729564e-07,2.715242119931781e-06,2.662089211355115e-06,5.3152908576671965e-08,2.198306831043345e-15,1.0
benchmark_200C,1.4000000000000001,0.00580644,9.0,0.0381,0.0025,0.0762,80,5,80,1,200.0,0.00015,0.0025,6.14e-11,3700001.685922231,1.1989534424192347e-07,1.1989534424192347e-07,1.185459694734855e-07,3.250154871970344e-06,3.1909817315366334e-06,5.917314043371785e-08,2.1989230587419744e-15,1.0
benchmark_200C,1.5,0.00580644,9.0,0.0381,0.0025,0.0762,80,5,80,1,200.0,0.00015,0.0025,6.14e-11,3700001.685922231,1.3160046226112088e-07,1.3160046226112088e-07,1.3029241433974577e-07,3.837289976195921e-06,3.7722809835208656e-06,6.500899267506412e-08,2.2660061275268787e-15,1.0
benchmark_200C,1.6,0.00580644,9.0,0.0381,0.0025,0.0762,80,5,80,1,200.0,0.00015,0.0025,6.14e-11,3700001.685922231,1.4269681055348184e-07,1.4269681055348184e-07,1.4145475497058236e-07,4.4739314081290066e-06,4.403380987851116e-06,7.055042027790052e-08,2.289665122546133e-15,1.0
benchmark_200C,1.7000000000000002,0.00580644,9.0,0.0381,0.0025,0.0762,80,5,80,1,200.0,0.00015,0.0025,6.14e-11,3700001.685922231,1.530120457381388e-07,1.530120457381388e-07,1.518555827129759e-07,5.15659423376539e-06,5.080884256848064e-06,7.570997691733691e-08,2.2303711937673794e-15,1.0
benchmark_200C,1.8,0.00580644,9.0,0.0381,0.0025,0.0762,80,5,80,1,200.0,0.00015,0.0025,6.14e-11,3700001.685922231,1.6242804151271706e-07,1.6242804151271706e-07,1.6137079547627296e-07,5.881266498924295e-06,5.800839621692683e-06,8.042687723162512e-08,2.2413455067979107e-15,1.0
benchmark_200C,1.9000000000000001,0.00580644,9.0,0.0381,0.0025,0.0762,80,5,80,1,200.0,0.00015,0.0025,6.14e-11,3700001.685922231,1.7088132561670962e-07,1.7088132561670962e-07,1.6993083553310112e-07,6.643653068107438e-06,6.5589855819545785e-06,8.466748615287476e-08,2.3447138397965945e-15,1.0
benchmark_200C,2.0,0.00580644,9.0,0.0381,0.0025,0.0762,80,5,80,1,200.0,0.00015,0.0025,6.14e-11,3700001.685922231,1.7835768666095864e-07,1.7835768666095864e-07,1.7751595715452527e-07,7.439395401742481e-06,7.3509725416874475e-06,8.842286005505071e-08,2.2967246409423728e-15,1.0
benchmark_200C,2.1,0.00580644,9.0,0.0381,0.0025,0.0762,80,5,80,1,200.0,0.00015,0.0025,6.14e-11,3700001.685922231,1.8488307336694317e-07,1.8488307336694317e-07,1.8414755677798911e-07,8.264250730407347e-06,8.172546365092414e-06,9.170436531495255e-08,2.3973897547628678e-15,1.0
benchmark_200C,2.2,0.00580644,9.0,0.0381,0.0025,0.0762,80,5,80,1,200.0,0.00015,0.0025,6.14e-11,3700001.685922231,1.900023272437555e-07,1.900023272437555e-07,1.8941992968103852e-07,9.111945596311494e-06,9.017642865855501e-06,9.430273045601371e-08,2.2687687992006486e-15,1.0
benchmark_200C,2.3000000000000003,0.00580644,9.0,0.0381,0.0025,0.0762,80,5,80,1,200.0,0.00015,0.0025,6.14e-11,3700001.685922231,1.9353615984078342e-07,1.9353615984078342e-07,1.9312886157825635e-07,9.975406646729909e-06,9.879286756184119e-06,9.611989054581238e-08,2.2767062739944506e-15,1.0
benchmark_200C,2.4000000000000004,0.00580644,9.0,0.0381,0.0025,0.0762,80,5,80,1,200.0,0.00015,0.0025,6.14e-11,3700001.685922231,1.958593516740351e-07,1.958593516740351e-07,1.9558992486424316e-07,1.0849232611189778e-05,1.075191067366535e-05,9.732193752445274e-08,2.3665900745057637e-15,1.0
benchmark_200C,2.5,0.00580644,9.0,0.0381,0.0025,0.0762,80,5,80,1,200.0,0.00015,0.0025,6.14e-11,3700001.685922231,1.9715268972893655e-07,1.9715268972893655e-07,1.9699968198763487e-07,1.1728828799861754e-05,1.163082421871592e-05,9.800458114585948e-08,2.2601987567089304e-15,1.0
benchmark_200C,2.6,0.00580644,9.0,0.0381,0.0025,0.0762,80,5,80,1,200.0,0.00015,0.0025,6.14e-11,3700001.685922231,1.9756248490345451e-07,1.9756248490345451e-07,1.9750923401206156e-07,1.2610253288589578e-05,1.2512011128736717e-05,9.824215985288742e-08,2.106414773947317e-15,1.0
benchmark_200C,2.7,0.00580644,9.0,0.0381,0.0025,0.0762,80,5,80,1,200.0,0.00015,0.0025,6.14e-11,3700001.685922231,1.9721616388318682e-07,1.9721616388318682e-07,1.972482941482556e-07,1.3490132667027996e-05,1.3392033856265296e-05,9.809881076272786e-08,2.1044150805282064e-15,1.0
benchmark_200C,2.8000000000000003,0.00580644,9.0,0.0381,0.0025,0.0762,80,5,80,1,200.0,0.00015,0.0025,6.14e-11,3700001.685922231,1.9622590920459635e-07,1.9622590920459635e-07,1.9633078323753627e-07,1.4365594026912873e-05,1.4267963111362718e-05,9.763091555018415e-08,2.0415804416953002e-15,1.0
benchmark_200C,2.9000000000000004,0.00580644,9.0,0.0381,0.0025,0.0762,80,5,80,1,200.0,0.00015,0.0025,6.14e-11,3700001.685922231,1.9469009325921286e-07,1.9469009325921286e-07,1.9485662676763915e-07,1.5234203348137166e-05,1.5137315421381631e-05,9.688792675556454e-08,1.9894639024658272e-15,1.0
benchmark_200C,3.0,0.00580644,9.0,0.0381,0.0025,0.0762,80,5,80,1,200.0,0.00015,0.0025,6.14e-11,3700001.685922231,1.9269437299816077e-07,1.9269437299816077e-07,1.9291290869223758e-07,1.6093908768848154e-05,1.5997995838496994e-05,9.591293035119154e-08,1.968715408935354e-15,1.0
benchmark_200C,3.1,0.00580644,9.0,0.0381,0.0025,0.0762,80,5,80,1,200.0,0.00015,0.0025,6.14e-11,3700001.685922231,1.9031283433985587e-07,1.9031283433985587e-07,1.9057501454111418e-07,1.6942988961316504e-05,1.6848245747219732e-05,9.474321409680618e-08,2.0544049373875513e-15,1.0
benchmark_200C,3.2,0.00580644,9.0,0.0381,0.0025,0.0762,80,5,80,1,200.0,0.00015,0.0025,6.14e-11,3700001.685922231,1.876092124376176e-07,1.876092124376176e-07,1.8790784366624915e-07,1.778000695202596e-05,1.7686596080343e-05,9.341087168299702e-08,2.076790107225445e-15,1.0
benchmark_200C,3.3000000000000003,0.00580644,9.0,0.0381,0.0025,0.0762,80,5,80,1,200.0,0.00015,0.0025,6.14e-11,3700001.685922231,1.8463813082913894e-07,1.8463813082913894e-07,1.8496704585192416e-07,1.8603769470225026e-05,1.8511826052021076e-05,9.194341820398928e-08,2.114307670339338e-15,1.0
benchmark_200C,3.4000000000000004,0.00580644,9.0,0.0381,0.0025,0.0762,80,5,80,1,200.0,0.00015,0.0025,6.14e-11,3700001.685922231,1.81446298972596e-07,1.81446298972596e-07,1.818002229805459e-07,1.941329163928274e-05,1.932292725207705e-05,9.036438720573197e-08,2.2170306010995115e-15,1.0
benchmark_200C,3.5,0.00580644,9.0,0.0381,0.0025,0.0762,80,5,80,1,200.0,0.00015,0.0025,6.14e-11,3700001.685922231,1.7807362470187e-07,1.7807362470187e-07,1.7844805059595479e-07,2.0207766631260388e-05,2.0119072744162153e-05,8.869388709827912e-08,2.1979811516101752e-15,1.0
benchmark_200C,3.6,0.00580644,9.0,0.0381,0.0025,0.0762,80,5,80,1,200.0,0.00015,0.0025,6.14e-11,3700001.685922231,1.7455421690404433e-07,1.7455421690404433e-07,1.7494529260003098e-07,2.0986539794926153e-05,2.0899590690981243e-05,8.694910394495432e-08,2.1101116099351107e-15,1.0
benchmark_200C,3.7,0.00580644,9.0,0.0381,0.0025,0.0762,80,5,80,1,200.0,0.00015,0.0025,6.14e-11,3700001.685922231,1.7091726873551371e-07,1.7091726873551371e-07,1.7132169769648625e-07,2.174908672423602e-05,2.166394197899983e-05,8.514474523623521e-08,2.103675185153791e-15,1.0
benchmark_200C,3.8000000000000003,0.00580644,9.0,0.0381,0.0025,0.0762,80,5,80,1,200.0,0.00015,0.0025,6.14e-11,3700001.685922231,1.6718782208296838e-07,1.6718782208296838e-07,1.6760277709119494e-07,2.2494994737455294e-05,2.2411701312859002e-05,8.329342459633975e-08,2.1174651938879212e-15,1.0
benchmark_200C,3.9000000000000004,0.00580644,9.0,0.0381,0.0025,0.0762,80,5,80,1,200.0,0.00015,0.0025,6.14e-11,3700001.685922231,1.6338742039511376e-07,1.6338742039511376e-07,1.6381046982530985e-07,2.322394726888705e-05,2.3142541278172243e-05,8.140599071485565e-08,2.114259070288562e-15,1.0
benchmark_200C,4.0,0.00580644,9.0,0.0381,0.0025,0.0762,80,5,80,1,200.0,0.00015,0.0025,6.14e-11,3700001.685922231,1.5953466046220723e-07,1.5953466046220723e-07,1.599637059078527e-07,2.393571072236348e-05,2.385621891673677e-05,7.949180562676312e-08,2.183539917814889e-15,1.0
benchmark_200C,4.1000000000000005,0.00580644,9.0,0.0381,0.0025,0.0762,80,5,80,1,200.0,0.00015,0.0025,6.14e-11,3700001.685922231,1.5564565513315324e-07,1.5564565513315324e-07,1.5607887906227785e-07,2.4630123389148318e-05,2.455256441090237e-05,7.755897824599952e-08,2.029554541323518e-15,1.0
benchmark_200C,4.2,0.00580644,9.0,0.0381,0.0025,0.0762,80,5,80,1,200.0,0.00015,0.0025,6.14e-11,3700001.685922231,1.5173441906918812e-07,1.5173441906918812e-07,1.5217024116244199e-07,2.5307086086878254e-05,2.5231471527715263e-05,7.561455916304502e-08,2.138954247819821e-15,1.0
benchmark_200C,4.3,0.00580644,9.0,0.0381,0.0025,0.0762,80,5,80,1,200.0,0.00015,0.0025,6.14e-11,3700001.685922231,1.4781318897318998e-07,1.4781318897318998e-07,1.482502298637867e-07,2.5966554227206577e-05,2.589288952478757e-05,7.366470241906096e-08,2.1198001937452357e-15,1.0
benchmark_200C,4.4,0.00580644,9.0,0.0381,0.0025,0.0762,80,5,80,1,200.0,0.00015,0.0025,6.14e-11,3700001.685922231,1.4389268867019275e-07,1.4389268867019275e-07,1.44329739920268e-07,2.660853106610277e-05,2.6536816266646534e-05,7.171479945629218e-08,2.1681348924740957e-15,1.0
benchmark_200C,4.5,0.00580644,9.0,0.0381,0.0025,0.0762,80,5,80,1,200.0,0.00015,0.0025,6.14e-11,3700001.685922231,1.3998234818594634e-07,1.3998234818594634e-07,1.4041834746931798e-07,2.723306193157054e-05,2.7163292341730492e-05,6.976958984010869e-08,2.2068629203968037e-15,1.0
benchmark_200C,4.6000000000000005,0.00580644,9.0,0.0381,0.0025,0.0762,80,5,80,1,200.0,0.00015,0.0025,6.14e-11,3700001.685922231,1.3609048472328837e-07,1.3609048472328837e-07,1.3652449532340576e-07,2.7840229258791423e-05,2.7772396006062633e-05,6.783325272885163e-08,2.2119768365018538e-15,1.0
benchmark_200C,4.7,0.00580644,9.0,0.0381,0.0025,0.0762,80,5,80,1,200.0,0.00015,0.0025,6.14e-11,3700001.685922231,1.3222445225524764e-07,1.3222445225524764e-07,1.326556461192682e-07,2.84301482926776e-05,2.8364238810199637e-05,6.590948247802545e-08,2.2014585792481512e-15,1.0
benchmark_200C,4.800000000000001,0.00580644,9.0,0.0381,0.0025,0.0762,80,5,80,1,200.0,0.00015,0.0025,6.14e-11,3700001.685922231,1.2839076538267664e-07,1.2839076538267664e-07,1.2881840909292405e-07,2.900296334301523e-05,2.89389617917867e-05,6.400155122859584e-08,2.230991898003105e-15,1.0
benchmark_200C,4.9,0.00580644,9.0,0.0381,0.0025,0.0762,80,5,80,1,200.0,0.00015,0.0025,6.14e-11,3700001.685922231,1.2459520216035734e-07,1.2459520216035734e-07,1.2501864529070795e-07,2.955884449836616e-05,2.9496732137511282e-05,6.211236085494381e-08,2.258436866812215e-15,1.0
benchmark_200C,5.0,0.00580644,9.0,0.0381,0.0025,0.0762,80,5,80,1,200.0,0.00015,0.0025,6.14e-11,3700001.685922231,1.2084288978076928e-07,1.2084288978076928e-07,1.2126155519742955e-07,3.0097984722247523e-05,3.0037740236009673e-05,6.024448623791853e-08,2.251840822420479e-15,1.0
benchmark_200C,5.1000000000000005,0.00580644,9.0,0.0381,0.0025,0.0762,80,5,80,1,200.0,0.00015,0.0025,6.14e-11,3700001.685922231,1.1713837631205349e-07,1.1713837631205349e-07,1.175517520564506e-07,3.06205972693701e-05,3.056219705789087e-05,5.840021147929934e-08,2.2566300403078705e-15,1.0
benchmark_200C,5.2,0.00580644,9.0,0.0381,0.0025,0.0762,80,5,80,1,200.0,0.00015,0.0025,6.14e-11,3700001.685922231,1.1348569110464309e-07,1.1348569110464309e-07,1.1389332356197926e-07,3.1126913371380644e-05,3.107033181100044e-05,5.658156038027209e-08,2.2175847290978393e-15,1.0
benchmark_200C,5.300000000000001,0.00580644,9.0,0.0381,0.0025,0.0762,80,5,80,1,200.0,0.00015,0.0025,6.14e-11,3700001.685922231,1.0988839599631475e-07,1.0988839599631475e-07,1.1028988410820438e-07,3.161718015105547e-05,3.1562389828793805e-05,5.4790322261732625e-08,2.148035868112881e-15,1.0
benchmark_200C,5.4,0.00580644,9.0,0.0381,0.0025,0.0762,80,5,80,1,200.0,0.00015,0.0025,6.14e-11,3700001.685922231,1.0634962904466504e-07,1.0634962904466504e-07,1.0674461936966733e-07,3.2091658731606305e-05,3.203863065760467e-05,5.3028074001707454e-08,2.2863956540719176e-15,1.0
benchmark_200C,5.5,0.00580644,9.0,0.0381,0.0025,0.0762,80,5,80,1,200.0,0.00015,0.0025,6.14e-11,3700001.685922231,1.0287214218659979e-07,1.0287214218659979e-07,1.0326032464979313e-07,3.255062251400391e-05,3.249932631500537e-05,5.129619899861527e-08,2.3434048714236775e-15,1.0
benchmark_200C,5.6000000000000005,0.00580644,9.0,0.0381,0.0025,0.0762,80,5,80,1,200.0,0.00015,0.0025,6.14e-11,3700001.685922231,9.945833395494658e-08,9.945833395494658e-08,9.983943815824693e-08,3.2994355600266724e-05,3.294475969663403e-05,4.959590363277206e-08,2.436639135167833e-15,1.0
benchmark_200C,5.7,0.00580644,9.0,0.0381,0.0025,0.0762,80,5,80,1,200.0,0.00015,0.0025,6.14e-11,3700001.685922231,9.611027816273132e-08,9.611027816273132e-08,9.648407015256128e-08,3.3423151344724345e-05,3.3375223113037e-05,4.792823168742656e-08,2.4964540862368276e-15,1.0
benchmark_200C,5.800000000000001,0.00580644,9.0,0.0381,0.0025,0.0762,80,5,80,1,200.0,0.00015,0.0025,6.14e-11,3700001.685922231,9.282974928736223e-08,9.282974928736223e-08,9.319602869650883e-08,3.383731101853251e-05,3.379101694143224e-05,4.629407710035403e-08,2.4971887951509415e-15,1.0
benchmark_200C,5.9,0.00580644,9.0,0.0381,0.0025,0.0762,80,5,80,1,200.0,0.00015,0.0025,6.14e-11,3700001.685922231,8.96182451426121e-08,8.96182451426121e-08,8.997684263949498e-08,3.4237142575339024e-05,3.419244837999517e-05,4.469419534394002e-08,2.442512573081833e-15,1.0
benchmark_200C,6.0,0.00580644,9.0,0.0381,0.0025,0.0762,80,5,80,1,200.0,0.00015,0.0025,6.14e-11,3700001.685922231,8.647700730971544e-08,8.647700730971544e-08,8.682778230152051e-08,3.462295950810299e-05,3.4579830294430434e-05,4.3129213672641305e-08,2.4252334154690417e-15,1.0
benchmark_200C,6.1000000000000005,0.00580644,9.0,0.0381,0.0025,0.0762,80,5,80,1,200.0,0.00015,0.0025,6.14e-11,3700001.685922231,8.340703970498451e-08,8.340703970498451e-08,8.374987825178425e-08,3.499507978875341e-05,3.495348014832436e-05,4.159964042913477e-08,2.463170188302533e-15,1.0
benchmark_200C,6.2,0.00580644,9.0,0.0381,0.0025,0.0762,80,5,80,1,200.0,0.00015,0.0025,6.14e-11,3700001.685922231,8.040912558584891e-08,8.040912558584891e-08,8.074393849140228e-08,3.5353824883720166e-05,3.5313719010158045e-05,4.010587356220685e-08,2.4284424788684883e-15,1.0
benchmark_200C,6.300000000000001,0.00580644,9.0,0.0381,0.0025,0.0762,80,5,80,1,200.0,0.00015,0.0025,6.14e-11,3700001.685922231,7.748384323665612e-08,7.748384323665612e-08,7.781056428846428e-08,3.569951883944719e-05,3.566087063096854e-05,3.864820847874106e-08,2.403629259254454e-15,1.0
benchmark_200C,6.4,0.00580644,9.0,0.0381,0.0025,0.0762,80,5,80,1,200.0,0.00015,0.0025,6.14e-11,3700001.685922231,7.463158052707613e-08,7.463158052707613e-08,7.495016486377793e-08,3.60324874328579e-05,3.599526058753041e-05,3.722684532757812e-08,2.488119746881337e-15,1.0
benchmark_200C,6.5,0.00580644,9.0,0.0381,0.0025,0.0762,80,5,80,1,200.0,0.00015,0.0025,6.14e-11,3700001.685922231,7.185254849720141e-08,7.185254849720141e-08,7.216297108579776e-08,3.6353057382430495e-05,3.631721548663721e-05,3.584189579337531e-08,2.5519163101776157e-15,1.0
benchmark_200C,6.6000000000000005,0.00580644,9.0,0.0381,0.0025,0.0762,80,5,80,1,200.0,0.00015,0.0025,6.14e-11,3700001.685922231,6.914679409253415e-08,6.914679409253415e-08,6.944904830144185e-08,3.6661555616090415e-05,3.6627062226627585e-05,3.449338946292315e-08,2.5257495197774905e-15,1.0
benchmark_200C,6.7,0.00580644,9.0,0.0381,0.0025,0.0762,80,5,80,1,200.0,0.00015,0.0025,6.14e-11,3700001.685922231,6.651421214745794e-08,6.651421214745794e-08,6.680830840418971e-08,3.695830859256698e-05,3.692512731275318e-05,3.3181279813902e-08,2.6696596035557962e-15,1.0
benchmark_200C,6.800000000000001,0.00580644,9.0,0.0381,0.0025,0.0762,80,5,80,1,200.0,0.00015,0.0025,6.14e-11,3700001.685922231,6.395455669626745e-08,6.395455669626745e-08,6.424052122075503e-08,3.72436416732142e-05,3.721173622334814e-05,3.190544986615736e-08,2.6570245710454875e-15,1.0
benchmark_200C,6.9,0.00580644,9.0,0.0381,0.0025,0.0762,80,5,80,1,200.0,0.00015,0.0025,6.14e-11,3700001.685922231,6.146745167536225e-08,6.146745167536225e-08,6.174532528169909e-08,3.7517878541579336e-05,3.748721282405171e-05,3.066571752772268e-08,2.6289603803560638e-15,1.0
benchmark_200C,7.0,0.00580644,9.0,0.0381,0.0025,0.0762,80,5,80,1,200.0,0.00015,0.0025,6.14e-11,3700001.685922231,5.905240106799237e-08,5.905240106799237e-08,5.932223802876117e-08,3.778134066823229e-05,3.7751878827570766e-05,2.9461840661618128e-08,2.5530030211364765e-15,1.0
benchmark_200C,7.1000000000000005,0.00580644,9.0,0.0381,0.0025,0.0762,80,5,80,1,200.0,0.00015,0.0025,6.14e-11,3700001.685922231,5.670879853331996e-08,5.670879853331996e-08,5.6970665501767e-08,3.803434681855494e-05,3.8006053296660476e-05,2.829352189456672e-08,2.6297988012539323e-15,1.0
benchmark_200C,7.2,0.00580644,9.0,0.0381,0.0025,0.0762,80,5,80,1,200.0,0.00015,0.0025,6.14e-11,3700001.685922231,5.44359365540051e-08,5.44359365540051e-08,5.468991154018267e-08,3.827721260134251e-05,3.825005218815768e-05,2.7160413184932335e-08,2.695577704730663e-15,1.0
benchmark_200C,7.300000000000001,0.00580644,9.0,0.0381,0.0025,0.0762,80,5,80,1,200.0,0.00015,0.0025,6.14e-11,3700001.685922231,5.223301513061512e-08,5.223301513061512e-08,5.247918652828623e-08,3.85102500561949e-05,3.8484187936030825e-05,2.6062120164181915e-08,2.7153514756179104e-15,1.0
benchmark_200C,7.4,0.00580644,9.0,0.0381,0.0025,0.0762,80,5,80,1,200.0,0.00015,0.0025,6.14e-11,3700001.685922231,5.009915004655431e-08,5.009915004655431e-08,5.033761570817828e-08,3.87337672777821e-05,3.870876907151837e-05,2.4998206263834533e-08,2.811243612209662e-15,1.0
benchmark_200C,7.5,0.00580644,9.0,0.0381,0.0025,0.0762,80,5,80,1,200.0,0.00015,0.0025,6.14e-11,3700001.685922231,4.80333807236439e-08,4.80333807236439e-08,4.826424708116807e-08,3.894806807515715e-05,3.8924099878519215e-05,2.3968196638046725e-08,2.809622736221522e-15,1.0
benchmark_200C,7.6000000000000005,0.00580644,9.0,0.0381,0.0025,0.0762,80,5,80,1,200.0,0.00015,0.0025,6.14e-11,3700001.685922231,4.6034677685734e-08,4.6034677685734e-08,4.625805891523023e-08,3.9153451664368066e-05,3.913048008247759e-05,2.2971581890584692e-08,2.771645265206998e-15,1.0
benchmark_200C,7.7,0.00580644,9.0,0.0381,0.0025,0.0762,80,5,80,1,200.0,0.00015,0.0025,6.14e-11,3700001.685922231,4.4101949645622985e-08,4.4101949645622985e-08,4.4317966874047676e-08,3.935021239268797e-05,3.932820457107421e-05,2.2007821613862065e-08,2.6065192789959163e-15,1.0
benchmark_200C,7.800000000000001,0.00580644,9.0,0.0381,0.0025,0.0762,80,5,80,1,200.0,0.00015,0.0025,6.14e-11,3700001.685922231,4.2234050228959804e-08,4.2234050228959804e-08,4.244283078149932e-08,3.9538639492843946e-05,3.951756314509714e-05,2.107634774690637e-08,2.4840540411076186e-15,1.0
benchmark_200C,7.9,0.00580644,9.0,0.0381,0.0025,0.0762,80,5,80,1,200.0,0.00015,0.0025,6.14e-11,3700001.685922231,4.0429784347598475e-08,4.0429784347598475e-08,4.0631461034199405e-08,3.971901686568056e-05,3.969884029792216e-05,2.0176567758502632e-08,2.5012628239524923e-15,1.0
benchmark_200C,8.0,0.00580644,9.0,0.0381,0.0025,0.0762,80,5,80,1,200.0,0.00015,0.0025,6.14e-11,3700001.685922231,3.8687914233971816e-08,3.8687914233971816e-08,3.8882624673758545e-08,3.989162288974575e-05,3.987231502208455e-05,1.9307867661301648e-08,2.4929284586498562e-15,1.0
benchmark_200C,8.1,0.00580644,9.0,0.0381,0.0025,0.0762,80,5,80,1,200.0,0.00015,0.0025,6.14e-11,3700001.685922231,3.700716514738683e-08,3.700716514738683e-08,3.719505112974587e-08,4.0056730256335325e-05,4.0038260641473084e-05,1.8469614862341485e-08,2.497768977440185e-15,1.0
benchmark_200C,8.200000000000001,0.00580644,9.0,0.0381,0.0025,0.0762,80,5,80,1,200.0,0.00015,0.0025,6.14e-11,3700001.685922231,3.5386230762656624e-08,3.5386230762656624e-08,3.5567437643821756e-08,4.0214605828578816e-05,4.019694466772374e-05,1.766116085518044e-08,2.535519064462009e-15,1.0
benchmark_200C,8.3,0.00580644,9.0,0.0381,0.0025,0.0762,80,5,80,1,200.0,0.00015,0.0025,6.14e-11,3700001.685922231,3.38237782511325e-08,3.38237782511325e-08,3.3998454385146474e-08,4.036551052319438e-05,4.034862867943582e-05,1.6881843758660853e-08,2.508252854087234e-15,1.0
benchmark_200C,8.4,0.00580644,9.0,0.0381,0.0025,0.0762,80,5,80,1,200.0,0.00015,0.0025,6.14e-11,3700001.685922231,3.231845306394878e-08,3.231845306394878e-08,3.248674926690478e-08,4.050969921358409e-05,4.0493568222876995e-05,1.6130990707193317e-08,2.4852765799182703e-15,1.0
benchmark_200C,8.5,0.00580644,9.0,0.0381,0.0025,0.0762,80,5,80,1,200.0,0.00015,0.0025,6.14e-11,3700001.685922231,3.0868883427114864e-08,3.0868883427114864e-08,3.1030952473602835e-08,4.0647420652984083e-05,4.063201273288682e-05,1.540792009736058e-08,2.4027000728210046e-15,1.0
benchmark_200C,8.6,0.00580644,9.0,0.0381,0.0025,0.0762,80,5,80,1,200.0,0.00015,0.0025,6.14e-11,3700001.685922231,2.947368455796107e-08,2.947368455796107e-08,2.9629680708657597e-08,4.07789174164264e-05,4.076420547273092e-05,1.4711943695573794e-08,2.4254196067285646e-15,1.0
benchmark_200C,8.700000000000001,0.00580644,9.0,0.0381,0.0025,0.0762,80,5,80,1,200.0,0.00015,0.0025,6.14e-11,3700001.685922231,2.813146261235231e-08,2.813146261235231e-08,2.8281541171704025e-08,4.0904425860311255e-05,4.0890383491699886e-05,1.4042368611467156e-08,2.38788686155986e-15,1.0
benchmark_200C,8.8,0.00580644,9.0,0.0381,0.0025,0.0762,80,5,80,1,200.0,0.00015,0.0025,6.14e-11,3700001.685922231,2.684081837201255e-08,2.684081837201255e-08,2.6985135274970618e-08,4.1024176098430345e-05,4.101077759928876e-05,1.3398499141680277e-08,2.3364767836272817e-15,1.0
benchmark_200C,8.9,0.00580644,9.0,0.0381,0.0025,0.0762,80,5,80,1,200.0,0.00015,0.0025,6.14e-11,3700001.685922231,2.560035068124205e-08,2.560035068124205e-08,2.5739062108012887e-08,4.113839199332301e-05,4.112561235483446e-05,1.2779638488647336e-08,2.2806868137837723e-15,1.0
benchmark_200C,9.0,0.00580644,9.0,0.0381,0.0025,0.0762,80,5,80,1,200.0,0.00015,0.0025,6.14e-11,3700001.685922231,2.4408659642254084e-08,2.4408659642254084e-08,2.4541921660036902e-08,4.1247291161888436e-05,4.1235106071529544e-05,1.2185090358983902e-08,2.2364822919177437e-15,1.0
benchmark_200C,9.1,0.00580644,9.0,0.0381,0.0025,0.0762,80,5,80,1,200.0,0.00015,0.0025,6.14e-11,3700001.685922231,2.3264349578298832e-08,2.3264349578298832e-08,2.3392317808987622e-08,4.135108499421778e-05,4.133947083377184e-05,1.1614160446033333e-08,2.264395021143239e-15,1.0
benchmark_200C,9.200000000000001,0.00580644,9.0,0.0381,0.0025,0.0762,80,5,80,1,200.0,0.00015,0.0025,6.14e-11,3700001.685922231,2.2166031773678105e-08,2.2166031773678105e-08,2.228886108651279e-08,4.144997868465089e-05,4.143891252684988e-05,1.1066157801103148e-08,2.268092489367552e-15,1.0
benchmark_200C,9.3,0.00580644,9.0,0.0381,0.0025,0.0762,80,5,80,1,200.0,0.00015,0.0025,6.14e-11,3700001.685922231,2.111232699968172e-08,2.111232699968172e-08,2.123017122784101e-08,4.1544171274102486e-05,4.15336308780047e-05,1.0540396097885408e-08,2.406109229712095e-15,1.0
benchmark_200C,9.4,0.00580644,9.0,0.0381,0.0025,0.0762,80,5,80,1,200.0,0.00015,0.0025,6.14e-11,3700001.685922231,2.0101867835391397e-08,2.0101867835391397e-08,2.0214879515529173e-08,4.1633855702742584e-05,4.162381950794817e-05,1.0036194794513704e-08,2.3311100937608684e-15,1.0
benchmark_200C,9.5,0.00580644,9.0,0.0381,0.0025,0.0762,80,5,80,1,200.0,0.00015,0.0025,6.14e-11,3700001.685922231,1.9133300792202397e-08,1.9133300792202397e-08,1.9241630925940706e-08,4.1719218872155465e-05,4.1709665991957895e-05,9.552880197662268e-09,2.2203830891759313e-15,1.0
benchmark_200C,9.600000000000001,0.00580644,9.0,0.0381,0.0025,0.0762,80,5,80,1,200.0,0.00015,0.0025,6.14e-11,3700001.685922231,1.8205288250803265e-08,1.8205288250803265e-08,1.830908608720616e-08,4.180044171614049e-05,4.1791351929707544e-05,9.089786433038123e-09,2.1806862654975533e-15,1.0
benchmark_200C,9.700000000000001,0.00580644,9.0,0.0381,0.0025,0.0762,80,5,80,1,200.0,0.00015,0.0025,6.14e-11,3700001.685922231,1.731651021923198e-08,1.731651021923198e-08,1.741592305729858e-08,4.187769927935648e-05,4.186905302303001e-05,8.646256326557513e-09,2.1987068127001135e-15,1.0
benchmark_200C,9.8,0.00580644,9.0,0.0381,0.0025,0.0762,80,5,80,1,200.0,0.00015,0.0025,6.14e-11,3700001.685922231,1.6465665920491386e-08,1.6465665920491386e-08,1.6560838930721483e-08,4.195116080304922e-05,4.194293916084888e-05,8.221642200430666e-09,2.2029014364945113e-15,1.0
benchmark_200C,9.9,0.00580644,9.0,0.0381,0.0025,0.0762,80,5,80,1,200.0,0.00015,0.0025,6.14e-11,3700001.685922231,1.5651475218059366e-08,1.5651475218059366e-08,1.5742551282160985e-08,4.202098981713889e-05,4.2013174510550676e-05,7.815306588306119e-09,2.1726266945344835e-15,1.0
benchmark_200C,10.0,0.00580644,9.0,0.0381,0.0025,0.0762,80,5,80,1,200.0,0.00015,0.0025,6.14e-11,3700001.685922231,1.4872679887469258e-08,1.4872679887469258e-08,1.495979945529541e-08,4.2087344237980635e-05,4.2079917615107185e-05,7.426622873546858e-09,2.2879502428101714e-15,1.0
benchmark_200C,10.100000000000001,0.00580644,9.0,0.0381,0.0025,0.0762,80,5,80,1,200.0,0.00015,0.0025,6.14e-11,3700001.685922231,1.4128044741965808e-08,1.4128044741965808e-08,1.4211345704786704e-08,4.2150376471147254e-05,4.214332149529272e-05,7.054975854626212e-09,2.2379009686346847e-15,1.0
benchmark_200C,10.200000000000001,0.00580644,9.0,0.0381,0.0025,0.0762,80,5,80,1,200.0,0.00015,0.0025,6.14e-11,3700001.685922231,1.3416358620060757e-08,1.3416358620060757e-08,1.3495976199297568e-08,4.221023351861786e-05,4.220353375637641e-05,6.699762241541614e-09,2.145778120198484e-15,1.0
benchmark_200C,10.3,0.00580644,9.0,0.0381,0.0025,0.0762,80,5,80,1,200.0,0.00015,0.0025,6.14e-11,3700001.685922231,1.2736435242622518e-08,1.2736435242622518e-08,1.2812501893190147e-08,4.226705708979044e-05,4.226069669870348e-05,6.360391087050646e-09,2.1182151525263286e-15,1.0
benchmark_200C,10.4,0.00580644,9.0,0.0381,0.0025,0.0762,80,5,80,1,200.0,0.00015,0.0025,6.14e-11,3700001.685922231,1.2087113946935933e-08,1.2087113946935933e-08,1.2159759274364143e-08,4.2320983715769455e-05,4.231494743161311e-05,6.036284156435025e-09,2.170731820123561e-15,1.0
benchmark_200C,10.5,0.00580644,9.0,0.0381,0.0025,0.0762,80,5,80,1,200.0,0.00015,0.0025,6.14e-11,3700001.685922231,1.1467260304962564e-08,1.1467260304962564e-08,1.153661099548758e-08,4.237214486641174e-05,4.2366417990172436e-05,5.726876239396575e-09,2.183669702127877e-15,1.0
benchmark_200C,10.600000000000001,0.00580644,9.0,0.0381,0.0025,0.0762,80,5,80,1,200.0,0.00015,0.0025,6.14e-11,3700001.685922231,1.0875766632820456e-08,1.0875766632820456e-08,1.0941946395662947e-08,4.2420667069645524e-05,4.2415235454238036e-05,5.431615407584021e-09,2.2619582591482705e-15,1.0
benchmark_200C,10.700000000000001,0.00580644,9.0,0.0381,0.0025,0.0762,80,5,80,1,200.0,0.00015,0.0025,6.14e-11,3700001.685922231,1.0311552398285325e-08,1.0311552398285325e-08,1.0374681919354494e-08,4.246667203260745e-05,4.24615220693864e-05,5.14996322114188e-09,2.1332491850700057e-15,1.0
benchmark_200C,10.8,0.00580644,9.0,0.0381,0.0025,0.0762,80,5,80,1,200.0,0.00015,0.0025,6.14e-11,3700001.685922231,9.773564532893782e-09,9.773564532893782e-09,9.833761439182234e-09,4.251027676417207e-05,4.2505395369284594e-05,4.881394887562723e-09,2.0196618567228255e-15,1.0
benchmark_200C,10.9,0.00580644,9.0,0.0381,0.0025,0.0762,80,5,80,1,200.0,0.00015,0.0025,6.14e-11,3700001.685922231,9.26077765500526e-09,9.26077765500526e-09,9.318156488964074e-09,4.255159369847655e-05,4.254696829910062e-05,4.625399376012828e-09,1.9166932880218632e-15,1.0
benchmark_200C,11.0,0.00580644,9.0,0.0381,0.0025,0.0762,80,5,80,1,200.0,0.00015,0.0025,6.14e-11,3700001.685922231,8.772194209951935e-09,8.772194209951935e-09,8.826866413160674e-09,4.259073081907061e-05,4.25863493395805e-05,4.381479490188274e-09,1.858939511201389e-15,1.0
benchmark_200C,11.100000000000001,0.00580644,9.0,0.0381,0.0025,0.0762,80,5,80,1,200.0,0.00015,0.0025,6.14e-11,3700001.685922231,8.306844533178044e-09,8.306844533178044e-09,8.358918438649957e-09,4.262779178334819e-05,4.2623642631445625e-05,4.1491519026452385e-09,1.8017093891534347e-15,1.0
benchmark_200C,11.200000000000001,0.00580644,9.0,0.0381,0.0025,0.0762,80,5,80,1,200.0,0.00015,0.0025,6.14e-11,3700001.685922231,7.863786842040856e-09,7.863786842040856e-09,7.91336767452901e-09,4.2662876046942555e-05,4.26589480997892e-05,3.927947153434331e-09,1.8539540111006855e-15,1.0
benchmark_200C,11.3,0.00580644,9.0,0.0381,0.0025,0.0762,80,5,80,1,200.0,0.00015,0.0025,6.14e-11,3700001.685922231,7.442107161716426e-09,7.442107161716426e-09,7.48929704541194e-09,4.269607898779076e-05,4.2692361578175086e-05,3.7174096157547592e-09,1.8727771493002005e-15,1.0
benchmark_200C,11.4,0.00580644,9.0,0.0381,0.0025,0.0762,80,5,80,1,200.0,0.00015,0.0025,6.14e-11,3700001.685922231,7.040919190425605e-09,7.040919190425605e-09,7.085817163464769e-09,4.272749202959689e-05,4.272397493216574e-05,3.5170974312310202e-09,1.8649342374989387e-15,1.0
benchmark_200C,11.5,0.00580644,9.0,0.0381,0.0025,0.0762,80,5,80,1,200.0,0.00015,0.0025,6.14e-11,3700001.685922231,6.659364108968641e-09,6.659364108968641e-09,6.702066144190801e-09,4.2757202764445504e-05,4.275387618202828e-05,3.326582417301594e-09,1.825178511808451e-15,1.0
benchmark_200C,11.600000000000001,0.00580644,9.0,0.0381,0.0025,0.0762,80,5,80,1,200.0,0.00015,0.0025,6.14e-11,3700001.685922231,6.296610339332428e-09,6.296610339332428e-09,6.3372093707556594e-09,4.2785295074338124e-05,4.278214962438911e-05,3.1454499490976813e-09,1.9545958438246156e-15,1.0
benchmark_200C,11.700000000000001,0.00580644,9.0,0.0381,0.0025,0.0762,80,5,80,1,200.0,0.00015,0.0025,6.14e-11,3700001.685922231,5.951853256912524e-09,5.951853256912524e-09,5.9904392114189715e-09,4.281184925144579e-05,4.2808875952627796e-05,2.973298818079403e-09,1.9295506755232537e-15,1.0
benchmark_200C,11.8,0.00580644,9.0,0.0381,0.0025,0.0762,80,5,80,1,200.0,0.00015,0.0025,6.14e-11,3700001.685922231,5.62431486067323e-09,5.62431486067323e-09,5.660974694420108e-09,4.2836942116890036e-05,4.2834132375820534e-05,2.8097410695879837e-09,2.0000893913768863e-15,1.0
benchmark_200C,11.9,0.00580644,9.0,0.0381,0.0025,0.0762,80,5,80,1,200.0,0.00015,0.0025,6.14e-11,3700001.685922231,5.3132434053541565e-09,5.3132434053541565e-09,5.348061144450764e-09,4.286064713788296e-05,4.2857992736061684e-05,2.65440182136545e-09,2.0767400895428988e-15,1.0
benchmark_200C,12.0,0.00580644,9.0,0.0381,0.0025,0.0762,80,5,80,1,200.0,0.00015,0.0025,6.14e-11,3700001.685922231,5.017912999620541e-09,5.017912999620541e-09,5.050969784634952e-09,4.288303454307445e-05,4.288052762400955e-05,2.5069190649881702e-09,2.0100050259640454e-15,1.0
benchmark_200C,12.100000000000001,0.00580644,9.0,0.0381,0.0025,0.0762,80,5,80,1,200.0,0.00015,0.0025,6.14e-11,3700001.685922231,4.737623173848123e-09,4.737623173848123e-09,4.768997307730366e-09,4.290417143597107e-05,4.29018044925191e-05,2.3669434520577122e-09,1.960005729712242e-15,1.0
benchmark_200C,12.200000000000001,0.00580644,9.0,0.0381,0.0025,0.0762,80,5,80,1,200.0,0.00015,0.0025,6.14e-11,3700001.685922231,4.4716984210317496e-09,4.4716984210317496e-09,4.501465420062794e-09,4.2924121906306716e-05,4.2921887768239914e-05,2.2341380668920332e-09,2.102180170120335e-15,1.0
benchmark_200C,12.3,0.00580644,9.0,0.0381,0.0025,0.0762,80,5,80,1,200.0,0.00015,0.0025,6.14e-11,3700001.685922231,4.219487714109897e-09,4.219487714109897e-09,4.247720361507789e-09,4.294294713925983e-05,4.2940838961072555e-05,2.108178187361895e-09,2.104099812679387e-15,1.0
benchmark_200C,12.4,0.00580644,9.0,0.0381,0.0025,0.0762,80,5,80,1,200.0,0.00015,0.0025,6.14e-11,3700001.685922231,3.980364002806494e-09,3.980364002806494e-09,4.007132404642263e-09,4.2960705522425735e-05,4.29587167713904e-05,1.9887510354222016e-09,2.0608993585708784e-15,1.0
benchmark_200C,12.5,0.00580644,9.0,0.0381,0.0025,0.0762,80,5,80,1,200.0,0.00015,0.0025,6.14e-11,3700001.685922231,3.753723692905088e-09,3.753723692905088e-09,3.779095336001876e-09,4.297745275046582e-05,4.297557719494711e-05,1.8755555187951816e-09,2.0475184612625144e-15,1.0
benchmark_200C,12.600000000000001,0.00580644,9.0,0.0381,0.0025,0.0762,80,5,80,1,200.0,0.00015,0.0025,6.14e-11,3700001.685922231,3.538986110690777e-09,3.538986110690777e-09,3.5630259221997287e-09,4.2993241927367265e-05,4.2991473625402185e-05,1.7683019651726834e-09,2.1475012043234513e-15,1.0
benchmark_200C,12.700000000000001,0.00580644,9.0,0.0381,0.0025,0.0762,80,5,80,1,200.0,0.00015,0.0025,6.14e-11,3700001.685922231,3.33559295512086e-09,3.33559295512086e-09,3.3583633634868223e-09,4.3008123666258676e-05,4.300645695440855e-05,1.6667118502179483e-09,2.160961785274879e-15,1.0
benchmark_200C,12.8,0.00580644,9.0,0.0381,0.0025,0.0762,80,5,80,1,200.0,0.00015,0.0025,6.14e-11,3700001.685922231,3.1430077401170566e-09,3.1430077401170566e-09,3.1645687371658544e-09,4.302214618673747e-05,4.3020575669217e-05,1.570517520563312e-09,2.184041068268582e-15,1.0
benchmark_200C,12.9,0.00580644,9.0,0.0381,0.0025,0.0762,80,5,80,1,200.0,0.00015,0.0025,6.14e-11,3700001.685922231,2.9607152292100373e-09,2.9607152292100373e-09,2.98112443310733e-09,4.303535540967496e-05,4.303387594776214e-05,1.4794619129194833e-09,2.269254731586911e-15,1.0
benchmark_200C,13.0,0.00580644,9.0,0.0381,0.0025,0.0762,80,5,80,1,200.0,0.00015,0.0025,6.14e-11,3700001.685922231,2.788220864610781e-09,2.788220864610781e-09,2.8075335834598756e-09,4.3047795049474243e-05,4.304640175120401e-05,1.3932982703341e-09,2.2923396058340916e-15,1.0
benchmark_200C,13.100000000000001,0.00580644,9.0,0.0381,0.0025,0.0762,80,5,80,1,200.0,0.00015,0.0025,6.14e-11,3700001.685922231,2.6250501926335755e-09,2.6250501926335755e-09,2.6433194884963336e-09,4.305950670376457e-05,4.305819491390811e-05,1.311789856562563e-09,2.3577270778800644e-15,1.0
benchmark_200C,13.200000000000001,0.00580644,9.0,0.0381,0.0025,0.0762,80,5,80,1,200.0,0.00015,0.0025,6.14e-11,3700001.685922231,2.4707482872514745e-09,2.4707482872514745e-09,2.488025040392608e-09,4.3070529940523965e-05,4.3069295230854626e-05,1.2347096694423247e-09,2.406615602299507e-15,1.0
benchmark_200C,13.3,0.00580644,9.0,0.0381,0.0025,0.0762,80,5,80,1,200.0,0.00015,0.0025,6.14e-11,3700001.685922231,2.32487917342758e-09,2.32487917342758e-09,2.34121214659794e-09,4.308090238262902e-05,4.307974054247503e-05,1.1618401540931873e-09,2.3484198690287624e-15,1.0
benchmark_200C,13.4,0.00580644,9.0,0.0381,0.0025,0.0762,80,5,80,1,200.0,0.00015,0.0025,6.14e-11,3700001.685922231,2.1870252517337898e-09,2.1870252517337898e-09,2.2024611543230053e-09,4.3090659789837615e-05,4.3089566816921016e-05,1.0929729167004365e-09,2.351065080380238e-15,1.0
benchmark_200C,13.5,0.00580644,9.0,0.0381,0.0025,0.0762,80,5,80,1,200.0,0.00015,0.0025,6.14e-11,3700001.685922231,2.056786725643152e-09,2.056786725643152e-09,2.0713702775460542e-09,4.30998361382165e-05,4.309880822977702e-05,1.027908439574988e-09,2.258902576906817e-15,1.0
benchmark_200C,13.600000000000001,0.00580644,9.0,0.0381,0.0025,0.0762,80,5,80,1,200.0,0.00015,0.0025,6.14e-11,3700001.685922231,1.93378103276236e-09,1.93378103276236e-09,1.947555027816963e-09,4.310846369703136e-05,4.310749724123333e-05,9.664557981250093e-10,2.1249091150080604e-15,1.0
benchmark_200C,13.700000000000001,0.00580644,9.0,0.0381,0.0025,0.0762,80,5,80,1,200.0,0.00015,0.0025,6.14e-11,3700001.685922231,1.8176422811571564e-09,1.8176422811571564e-09,1.8306476500247209e-09,4.3116573103122005e-05,4.311566467074178e-05,9.0843238031667e-10,2.165550433377536e-15,1.0
benchmark_200C,13.8,0.00580644,9.0,0.0381,0.0025,0.0762,80,5,80,1,200.0,0.00015,0.0025,6.14e-11,3700001.685922231,1.7080206918154071e-09,1.7080206918154071e-09,1.7202965641852106e-09,4.312419343279014e-05,4.3123339769181086e-05,8.536636091477517e-10,2.184528950015904e-15,1.0
benchmark_200C,13.9,0.00580644,9.0,0.0381,0.0025,0.0762,80,5,80,1,200.0,0.00015,0.0025,6.14e-11,3700001.685922231,1.604582048190257e-09,1.604582048190257e-09,1.6161658142031284e-09,4.3131352271231246e-05,4.313055028856274e-05,8.019826686067116e-10,2.3109005406584725e-15,1.0
benchmark_200C,14.0,0.00580644,9.0,0.0381,0.0025,0.0762,80,5,80,1,200.0,0.00015,0.0025,6.14e-11,3700001.685922231,1.5070071536689464e-09,1.5070071536689464e-09,1.517934524464479e-09,4.3138075779546e-05,4.313732254931256e-05,7.532302335414389e-10,2.317793377261061e-15,1.0
benchmark_200C,14.100000000000001,0.00580644,9.0,0.0381,0.0025,0.0762,80,5,80,1,200.0,0.00015,0.0025,6.14e-11,3700001.685922231,1.414991297721335e-09,1.414991297721335e-09,1.4252963650239498e-09,4.314438875936987e-05,4.314368150516615e-05,7.072542038162123e-10,2.328111679431461e-15,1.0
benchmark_200C,14.200000000000001,0.00580644,9.0,0.0381,0.0025,0.0762,80,5,80,1,200.0,0.00015,0.0025,6.14e-11,3700001.685922231,1.3282437313960239e-09,1.3282437313960239e-09,1.337959026064683e-09,4.315031471516266e-05,4.314965080571967e-05,6.639094430923101e-10,2.3152261841090797e-15,1.0
benchmark_200C,14.3,0.00580644,9.0,0.0381,0.0025,0.0762,80,5,80,1,200.0,0.00015,0.0025,6.14e-11,3700001.685922231,1.2464871527507073e-09,1.2464871527507073e-09,1.255643702226191e-09,4.3155875914202324e-05,4.31552528566799e-05,6.230575225271247e-10,2.3645614998099417e-15,1.0
benchmark_200C,14.4,0.00580644,9.0,0.0381,0.0025,0.0762,80,5,80,1,200.0,0.00015,0.0025,6.14e-11,3700001.685922231,1.1694572027272876e-09,1.1694572027272876e-09,1.1780845873194818e-09,4.31610934443296e-05,4.316050887786005e-05,5.845664696485997e-10,2.2665942562107232e-15,1.0
benchmark_200C,14.5,0.00580644,9.0,0.0381,0.0025,0.0762,80,5,80,1,200.0,0.00015,0.0025,6.14e-11,3700001.685922231,1.096901971910692e-09,1.096901971910692e-09,1.1050283798763374e-09,4.316598726949205e-05,4.316543895896952e-05,5.483105226260083e-10,2.265439031683917e-15,1.0
benchmark_200C,14.600000000000001,0.00580644,9.0,0.0381,0.0025,0.0762,80,5,80,1,200.0,0.00015,0.0025,6.14e-11,3700001.685922231,1.0285815185435861e-09,1.0285815185435861e-09,1.0362337999124243e-09,4.3170576283137734e-05,4.317006211324771e-05,5.141698901247291e-10,2.2455249165947353e-15,1.0
benchmark_200C,14.700000000000001,0.00580644,9.0,0.0381,0.0025,0.0762,80,5,80,1,200.0,0.00015,0.0025,6.14e-11,3700001.685922231,9.642673981067054e-10,9.642673981067054e-10,9.71471117220975e-10,4.317487835951012e-05,4.3174396328993316e-05,4.820305169014403e-10,2.195777957548881e-15,1.0
benchmark_200C,14.8,0.00580644,9.0,0.0381,0.0025,0.0762,80,5,80,1,200.0,0.00015,0.0025,6.14e-11,3700001.685922231,9.037422047163947e-10,9.037422047163947e-10,9.105216914551255e-10,4.317891040289692e-05,4.317845861904175e-05,4.5178385526706433e-10,2.191274552527314e-15,1.0
benchmark_200C,14.9,0.00580644,9.0,0.0381,0.0025,0.0762,80,5,80,1,200.0,0.00015,0.0025,6.14e-11,3700001.685922231,8.467991245369348e-10,8.467991245369348e-10,8.531775242025591e-10,4.318268839488647e-05,4.318226506824405e-05,4.233266425177886e-10,2.1760255186566184e-15,1.0
benchmark_200C,15.0,0.00580644,9.0,0.0381,0.0025,0.0762,80,5,80,1,200.0,0.00015,0.0025,6.14e-11,3700001.685922231,7.932415013551051e-10,7.932415013551051e-10,7.9924082320552e-10,4.318622743968595e-05,4.3185830879001635e-05,3.965606844094056e-10,2.190945184120555e-15,1.0
benchmark_200C,15.100000000000001,0.00580644,9.0,0.0381,0.0025,0.0762,80,5,80,1,200.0,0.00015,0.0025,6.14e-11,3700001.685922231,7.428824144180825e-10,7.428824144180825e-10,7.485235788324964e-10,4.318954180755611e-05,4.318917041491148e-05,3.7139264472700847e-10,2.2119320028987756e-15,1.0
benchmark_200C,15.200000000000001,0.00580644,9.0,0.0381,0.0025,0.0762,80,5,80,1,200.0,0.00015,0.0025,6.14e-11,3700001.685922231,6.955442685930918e-10,6.955442685930918e-10,7.008471528647836e-10,4.3192644976417505e-05,4.3192297242576624e-05,3.4773384098073143e-10,2.308799031525821e-15,1.0
benchmark_200C,15.3,0.00580644,9.0,0.0381,0.0025,0.0762,80,5,80,1,200.0,0.00015,0.0025,6.14e-11,3700001.685922231,6.510583968678509e-10,6.510583968678509e-10,6.560418796213781e-10,4.319554967168327e-05,4.319522417163713e-05,3.255000462384929e-10,2.2804530647265197e-15,1.0
benchmark_200C,15.4,0.00580644,9.0,0.0381,0.0025,0.0762,80,5,80,1,200.0,0.00015,0.0025,6.14e-11,3700001.685922231,6.092646751748721e-10,6.092646751748721e-10,6.139466794093097e-10,4.319826790437344e-05,4.319796329307645e-05,3.046112970886917e-10,2.3288736711351074e-15,1.0
benchmark_200C,15.5,0.00580644,9.0,0.0381,0.0025,0.0762,80,5,80,1,200.0,0.00015,0.0025,6.14e-11,3700001.685922231,5.700111494897259e-10,5.700111494897259e-10,5.744086842532249e-10,4.3200811007565595e-05,4.320052601585799e-05,2.849917077092946e-10,2.3437839930202708e-15,1.0
benchmark_200C,15.600000000000001,0.00580644,9.0,0.0381,0.0025,0.0762,80,5,80,1,200.0,0.00015,0.0025,6.14e-11,3700001.685922231,5.331536751233973e-10,5.331536751233973e-10,5.372828758277001e-10,4.3203189671236175e-05,4.320292310194627e-05,2.665692900047289e-10,2.3560784960460068e-15,1.0
benchmark_200C,15.700000000000001,0.00580644,9.0,0.0381,0.0025,0.0762,80,5,80,1,200.0,0.00015,0.0025,6.14e-11,3700001.685922231,4.985555681017003e-10,4.985555681017003e-10,5.024317354883167e-10,4.320541397554643e-05,4.320516469976678e-05,2.4927577975838355e-10,2.4809173768132187e-15,1.0
benchmark_200C,15.8,0.00580644,9.0,0.0381,0.0025,0.0762,80,5,80,1,200.0,0.00015,0.0025,6.14e-11,3700001.685922231,4.660872685001526e-10,4.660872685001526e-10,4.697249062726658e-10,4.320749342262638e-05,4.3207260376157756e-05,2.3304646873620087e-10,2.5826281240111036e-15,1.0
benchmark_200C,15.9,0.00580644,9.0,0.0381,0.0025,0.0762,80,5,80,1,200.0,0.00015,0.0025,6.14e-11,3700001.685922231,4.3562601558070303e-10,4.3562601558070303e-10,4.390388667201243e-10,4.320943696690933e-05,4.320921914686678e-05,2.178200426657975e-10,2.5787610254065678e-15,1.0
benchmark_200C,16.0,0.00580644,9.0,0.0381,0.0025,0.0762,80,5,80,1,200.0,0.00015,0.0025,6.14e-11,3700001.685922231,4.07055534556976e-10,4.07055534556976e-10,4.1025661633932014e-10,4.321125304406895e-05,4.3211049505644054e-05,2.0353842500566026e-10,2.50322676733973e-15,1.0
benchmark_200C,16.1,0.00580644,9.0,0.0381,0.0025,0.0762,80,5,80,1,200.0,0.00015,0.0025,6.14e-11,3700001.685922231,3.8026573479725963e-10,3.8026573479725963e-10,3.8326737253444824e-10,4.3212949598609854e-05,4.321275945198355e-05,1.9014662641019418e-10,2.500336156220714e-15,1.0
benchmark_200C,16.2,0.00580644,9.0,0.0381,0.0025,0.0762,80,5,80,1,200.0,0.00015,0.0025,6.14e-11,3700001.685922231,3.5515241925904866e-10,3.5515241925904866e-10,3.579662787859991e-10,4.321453411016183e-05,4.3214356517562146e-05,1.775925997886641e-10,2.42886432904709e-15,1.0
benchmark_200C,16.3,0.00580644,9.0,0.0381,0.0025,0.0762,80,5,80,1,200.0,0.00015,0.0025,6.14e-11,3700001.685922231,3.316170049354923e-10,3.316170049354923e-10,3.3425412386776276e-10,4.3216013618526846e-05,4.3215847791426104e-05,1.6582710084929634e-10,2.4801886523418058e-15,1.0
benchmark_200C,16.400000000000002,0.00580644,9.0,0.0381,0.0025,0.0762,80,5,80,1,200.0,0.00015,0.0025,6.14e-11,3700001.685922231,3.095662540825139e-10,3.095662540825139e-10,3.1203707187018264e-10,4.3217394747526946e-05,4.321723994397304e-05,1.5480355401397785e-10,2.4729958933422503e-15,1.0
benchmark_200C,16.5,0.00580644,9.0,0.0381,0.0025,0.0762,80,5,80,1,200.0,0.00015,0.0025,6.14e-11,3700001.685922231,2.8891201598538575e-10,2.8891201598538575e-10,2.9122640278996975e-10,4.3218683727699985e-05,4.321853924977651e-05,1.4447792358396314e-10,2.5454360230201245e-15,1.0
benchmark_200C,16.6,0.00580644,9.0,0.0381,0.0025,0.0762,80,5,80,1,200.0,0.00015,0.0025,6.14e-11,3700001.685922231,2.6957097901525653e-10,2.6957097901525653e-10,2.7173826343741215e-10,4.321988641788922e-05,4.3219751609299295e-05,1.348085900328122e-10,2.537319680058404e-15,1.0
benchmark_200C,16.7,0.00580644,9.0,0.0381,0.0025,0.0762,80,5,80,1,200.0,0.00015,0.0025,6.14e-11,3700001.685922231,2.514644327192358e-10,2.514644327192358e-10,2.534934284057649e-10,4.322100832577143e-05,4.322088256954024e-05,1.2575623129930433e-10,2.4489175776743252e-15,1.0
benchmark_200C,16.8,0.00580644,9.0,0.0381,0.0025,0.0762,80,5,80,1,200.0,0.00015,0.0025,6.14e-11,3700001.685922231,2.3451803968213376e-10,2.3451803968213376e-10,2.364170708414447e-10,4.322205462736723e-05,4.3221937343658385e-05,1.1728370895027858e-10,2.3782925646588936e-15,1.0
benchmark_200C,16.900000000000002,0.00580644,9.0,0.0381,0.0025,0.0762,80,5,80,1,200.0,0.00015,0.0025,6.14e-11,3700001.685922231,2.186616168937455e-10,2.186616168937455e-10,2.2043854274939877e-10,4.322303018557591e-05,4.322292082961694e-05,1.0935595908121136e-10,2.4847608855783605e-15,1.0
benchmark_200C,17.0,0.00580644,9.0,0.0381,0.0025,0.0762,80,5,80,1,200.0,0.00015,0.0025,6.14e-11,3700001.685922231,2.0382892635247117e-10,2.0382892635247117e-10,2.0549116456479032e-10,4.322393956777611e-05,4.32238376278884e-05,1.0193988782075544e-10,2.54864235231096e-15,1.0
benchmark_200C,17.1,0.00580644,9.0,0.0381,0.0025,0.0762,80,5,80,1,200.0,0.00015,0.0025,6.14e-11,3700001.685922231,1.8995747463408764e-10,1.8995747463408764e-10,1.91512023720054e-10,4.322478706253222e-05,4.3224692058261025e-05,9.500427130444394e-11,2.55512488039095e-15,1.0
benchmark_200C,17.2,0.00580644,9.0,0.0381,0.0025,0.0762,80,5,80,1,200.0,0.00015,0.0025,6.14e-11,3700001.685922231,1.7698832115347055e-10,1.7698832115347055e-10,1.7844178193523493e-10,4.3225576695445366e-05,4.3225488175785495e-05,8.851965998221628e-11,2.5819002181388168e-15,1.0
benchmark_200C,17.3,0.00580644,9.0,0.0381,0.0025,0.0762,80,5,80,1,200.0,0.00015,0.0025,6.14e-11,3700001.685922231,1.6486589484694823e-10,1.6486589484694823e-10,1.6622449095931474e-10,4.3226312244186544e-05,4.3226229785899526e-05,8.245828712433223e-11,2.4630722808886688e-15,1.0
benchmark_200C,17.400000000000002,0.00580644,9.0,0.0381,0.0025,0.0762,80,5,80,1,200.0,0.00015,0.0025,6.14e-11,3700001.685922231,1.5353781900370118e-10,1.5353781900370118e-10,1.5480741649086626e-10,4.322699725274817e-05,4.322692045876689e-05,7.67939813905729e-11,2.4932515737265187e-15,1.0
benchmark_200C,17.5,0.00580644,9.0,0.0381,0.0025,0.0762,80,5,80,1,200.0,0.00015,0.0025,6.14e-11,3700001.685922231,1.4295474397605424e-10,1.4295474397605424e-10,1.441408700077294e-10,4.3227635044949364e-05,4.3227563542866145e-05,7.150208332831299e-11,2.532507059531542e-15,1.0
benchmark_200C,17.6,0.00580644,9.0,0.0381,0.0025,0.0762,80,5,80,1,200.0,0.00015,0.0025,6.14e-11,3700001.685922231,1.3307018750066412e-10,1.3307018750066412e-10,1.3417804823747456e-10,4.322822873722874e-05,4.322816217786319e-05,6.655936566609192e-11,2.540503080732023e-15,1.0
benchmark_200C,17.7,0.00580644,9.0,0.0381,0.0025,0.0762,80,5,80,1,200.0,0.00015,0.0025,6.14e-11,3700001.685922231,1.238403823653379e-10,1.238403823653379e-10,1.248748800030923e-10,4.3228781250757636e-05,4.322871930680047e-05,6.194395727065109e-11,2.4259183288573587e-15,1.0
benchmark_200C,17.8,0.00580644,9.0,0.0381,0.0025,0.0762,80,5,80,1,200.0,0.00015,0.0025,6.14e-11,3700001.685922231,1.1522413115949834e-10,1.1522413115949834e-10,1.1618988018156216e-10,4.322929532290522e-05,4.3229237687634686e-05,5.763527063701353e-11,2.426484899211769e-15,1.0
benchmark_200C,17.900000000000002,0.00580644,9.0,0.0381,0.0025,0.0762,80,5,80,1,200.0,0.00015,0.0025,6.14e-11,3700001.685922231,1.0718266785010062e-10,1.0718266785010062e-10,1.0808401051668873e-10,4.3229773518086134e-05,4.322971990415346e-05,5.361393278304782e-11,2.4565215154737402e-15,1.0
benchmark_200C,18.0,0.00580644,9.0,0.0381,0.0025,0.0762,80,5,80,1,200.0,0.00015,0.0025,6.14e-11,3700001.685922231,9.967952592898964e-11,9.967952592898964e-11,1.0052054703172976e-10,4.323021823801979e-05,4.323016837630047e-05,4.9861719422023703e-11,2.3552175679905493e-15,1.0
benchmark_200C,18.1,0.00580644,9.0,0.0381,0.0025,0.0762,80,5,80,1,200.0,0.00015,0.0025,6.14e-11,3700001.685922231,9.268041288228019e-11,9.268041288228019e-11,9.346495379189058e-11,4.323063173142963e-05,4.323058536993744e-05,4.636149228893646e-11,2.3565562548545613e-15,1.0
benchmark_200C,18.2,0.00580644,9.0,0.0381,0.0025,0.0762,80,5,80,1,200.0,0.00015,0.0025,6.14e-11,3700001.685922231,8.615309073724872e-11,8.615309073724872e-11,8.688476277162896e-11,4.3231016103209484e-05,4.323097300607009e-05,4.309713949880489e-11,2.3742703923017795e-15,1.0
benchmark_200C,18.3,0.00580644,9.0,0.0381,0.0025,0.0762,80,5,80,1,200.0,0.00015,0.0025,6.14e-11,3700001.685922231,8.006726244740985e-11,8.006726244740985e-11,8.074945958686931e-11,4.323137332308299e-05,4.3231333269564276e-05,4.005351881771591e-11,2.359832854709403e-15,1.0
benchmark_200C,18.400000000000002,0.00580644,9.0,0.0381,0.0025,0.0762,80,5,80,1,200.0,0.00015,0.0025,6.14e-11,3700001.685922231,7.439446388190228e-11,7.439446388190228e-11,7.503037485764301e-11,4.3231705233781136e-05,4.3231668017377505e-05,3.7216403730089487e-11,2.2919705270194586e-15,1.0
benchmark_200C,18.5,0.00580644,9.0,0.0381,0.0025,0.0762,80,5,80,1,200.0,0.00015,0.0025,6.14e-11,3700001.685922231,6.910796119092852e-11,6.910796119092852e-11,6.970058097227691e-11,4.323201355876191e-05,4.323197898632982e-05,3.457243218842701e-11,2.301711080539426e-15,1.0
benchmark_200C,18.6,0.00580644,9.0,0.0381,0.0025,0.0762,80,5,80,1,200.0,0.00015,0.0025,6.14e-11,3700001.685922231,6.418265332480836e-11,6.418265332480836e-11,6.473479403004097e-11,4.323229990949505e-05,4.323226780043721e-05,3.210905793469027e-11,2.2497244556107347e-15,1.0
benchmark_200C,18.7,0.00580644,9.0,0.0381,0.0025,0.0762,80,5,80,1,200.0,0.00015,0.0025,6.14e-11,3700001.685922231,5.959497949013712e-11,5.959497949013712e-11,6.010928074508818e-11,4.323256579233385e-05,4.3232535977829666e-05,2.981450428540423e-11,2.3352580377091775e-15,1.0
benchmark_200C,18.8,0.00580644,9.0,0.0381,0.0025,0.0762,80,5,80,1,200.0,0.00015,0.0025,6.14e-11,3700001.685922231,5.532283133257462e-11,5.532283133257462e-11,5.580177010053809e-11,4.323281261499528e-05,4.3232784937275106e-05,2.7677720275573952e-11,2.3099984918500456e-15,1.0
benchmark_200C,18.900000000000002,0.00580644,9.0,0.0381,0.0025,0.0762,80,5,80,1,200.0,0.00015,0.0025,6.14e-11,3700001.685922231,5.1345469641907915e-11,5.1345469641907915e-11,5.1791369547668546e-11,4.323304169266835e-05,4.323301600432939e-05,2.568833905954572e-11,2.2697134662327878e-15,1.0
benchmark_200C,19.0,0.00580644,9.0,0.0381,0.0025,0.0762,80,5,80,1,200.0,0.00015,0.0025,6.14e-11,3700001.685922231,4.764344538118069e-11,4.764344538118069e-11,4.805848555132176e-11,4.323325425377026e-05,4.3233230417131885e-05,2.383663846999919e-11,2.2678190545488023e-15,1.0
benchmark_200C,19.1,0.00580644,9.0,0.0381,0.0025,0.0762,80,5,80,1,200.0,0.00015,0.0025,6.14e-11,3700001.685922231,4.4198524847866966e-11,4.4198524847866966e-11,4.458474828881272e-11,4.323345144536858e-05,4.323342933186504e-05,2.21135036393324e-11,2.2981465142727838e-15,1.0
benchmark_200C,19.200000000000003,0.00580644,9.0,0.0381,0.0025,0.0762,80,5,80,1,200.0,0.00015,0.0025,6.14e-11,3700001.685922231,4.099361878125096e-11,4.099361878125096e-11,4.135294031581416e-11,4.323363433828721e-05,4.3233613827895716e-05,2.0510391590777526e-11,2.227703413593416e-15,1.0
benchmark_200C,19.3,0.00580644,9.0,0.0381,0.0025,0.0762,80,5,80,1,200.0,0.00015,0.0025,6.14e-11,3700001.685922231,3.8012715236330564e-11,3.8012715236330564e-11,3.834692901884727e-11,4.3233803931912785e-05,4.3233784912615173e-05,1.9019297709647072e-11,2.2714705061803005e-15,1.0
benchmark_200C,19.400000000000002,0.00580644,9.0,0.0381,0.0025,0.0762,80,5,80,1,200.0,0.00015,0.0025,6.14e-11,3700001.685922231,3.5240816050699074e-11,3.5240816050699074e-11,3.555160268014958e-11,4.3233961158717684e-05,4.3233943525993776e-05,1.7632724008164034e-11,2.3208728592574784e-15,1.0
benchmark_200C,19.5,0.00580644,9.0,0.0381,0.0025,0.0762,80,5,80,1,200.0,0.00015,0.0025,6.14e-11,3700001.685922231,3.266387673692946e-11,3.266387673692946e-11,3.2952809986766874e-11,4.323410688851485e-05,4.323409054486585e-05,1.6343649100350406e-11,2.2691067359080883e-15,1.0
benchmark_200C,19.6,0.00580644,9.0,0.0381,0.0025,0.0762,80,5,80,1,200.0,0.00015,0.0025,6.14e-11,3700001.685922231,3.0268749638994565e-11,3.0268749638994565e-11,3.053730282173183e-11,4.323424193245899e-05,4.323422678695928e-05,1.5145499806439427e-11,2.2542141629663273e-15,1.0
benchmark_200C,19.700000000000003,0.00580644,9.0,0.0381,0.0025,0.0762,80,5,80,1,200.0,0.00015,0.0025,6.14e-11,3700001.685922231,2.8043130197189746e-11,2.8043130197189746e-11,2.829268218113414e-11,4.323436704680805e-05,4.3234353014683837e-05,1.4032124309230916e-11,2.279354517768761e-15,1.0
benchmark_200C,19.8,0.00580644,9.0,0.0381,0.0025,0.0762,80,5,80,1,200.0,0.00015,0.0025,6.14e-11,3700001.685922231,2.5975506171858906e-11,2.5975506171858906e-11,2.6207347066731703e-11,4.323448293645814e-05,4.323446993869145e-05,1.2997766787714286e-11,2.3042578944519196e-15,1.0
benchmark_200C,19.900000000000002,0.00580644,9.0,0.0381,0.0025,0.0762,80,5,80,1,200.0,0.00015,0.0025,6.14e-11,3700001.685922231,2.4055109681966083e-11,2.4055109681966083e-11,2.427044620950451e-11,4.323459025826452e-05,4.323457822122116e-05,1.2037043456143054e-11,2.2438962417000137e-15,1.0
benchmark_200C,20.0,0.00580644,9.0,0.0381,0.0025,0.0762,80,5,80,1,200.0,0.00015,0.0025,6.14e-11,3700001.685922231,2.227187192018286e-11,2.227187192018286e-11,2.2471832485192555e-11,4.323468962416048e-05,4.323467847924064e-05,1.1144919939547796e-11,2.315648667360573e-15,1.0
benchmark_200C,20.1,0.00580644,9.0,0.0381,0.0025,0.0762,80,5,80,1,200.0,0.00015,0.0025,6.14e-11,3700001.685922231,2.0616380411671502e-11,2.0616380411671502e-11,2.080201988838309e-11,4.323478160408558e-05,4.3234771287395754e-05,1.0316689919419555e-11,2.202208847372638e-15,1.0
benchmark_200C,20.200000000000003,0.00580644,9.0,0.0381,0.0025,0.0762,80,5,80,1,200.0,0.00015,0.0025,6.14e-11,3700001.685922231,1.9079838689136202e-11,1.9079838689136202e-11,1.9252142937116946e-11,4.323486672873396e-05,4.3234857180779075e-05,9.547954985981965e-12,2.2615827064222344e-15,1.0
benchmark_200C,20.3,0.00580644,9.0,0.0381,0.0025,0.0762,80,5,80,1,200.0,0.00015,0.0025,6.14e-11,3700001.685922231,1.7654028261969438e-11,1.7654028261969438e-11,1.7813918385254476e-11,4.3234945492133005e-05,4.323493665752747e-05,8.834605636088996e-12,2.3962135707244947e-15,1.0
benchmark_200C,20.400000000000002,0.00580644,9.0,0.0381,0.0025,0.0762,80,5,80,1,200.0,0.00015,0.0025,6.14e-11,3700001.685922231,1.633127276245077e-11,1.633127276245077e-11,1.647960912498511e-11,4.3235018354061986e-05,4.323501018125873e-05,8.17280335834156e-12,2.40247248499232e-15,1.0
benchmark_200C,20.5,0.00580644,9.0,0.0381,0.0025,0.0762,80,5,80,1,200.0,0.00015,0.0025,6.14e-11,3700001.685922231,1.5104404156943308e-11,1.5104404156943308e-11,1.524199016686855e-11,4.3235085742320025e-05,4.323507818335638e-05,7.558963749502414e-12,2.3503568074275344e-15,1.0
benchmark_200C,20.6,0.00580644,9.0,0.0381,0.0025,0.0762,80,5,80,1,200.0,0.00015,0.0025,6.14e-11,3700001.685922231,1.3966730914881938e-11,1.3966730914881938e-11,1.4094316589660152e-11,4.323514805485199e-05,4.3235141065111485e-05,6.989740608705642e-12,2.3828139239234548e-15,1.0
benchmark_200C,20.700000000000003,0.00580644,9.0,0.0381,0.0025,0.0762,80,5,80,1,200.0,0.00015,0.0025,6.14e-11,3700001.685922231,1.2912008033057667e-11,1.2912008033057667e-11,1.3030293356898495e-11,4.323520566174069e-05,4.323519919972983e-05,6.462010958304919e-12,2.3188016855927018e-15,1.0
benchmark_200C,20.8,0.00580644,9.0,0.0381,0.0025,0.0762,80,5,80,1,200.0,0.00015,0.0025,6.14e-11,3700001.685922231,1.1934408817265366e-11,1.1934408817265366e-11,1.2044046901812428e-11,4.323525890707315e-05,4.323525293421231e-05,5.9728609424798185e-12,2.280460655546963e-15,1.0
benchmark_200C,20.900000000000002,0.00580644,9.0,0.0381,0.0025,0.0762,80,5,80,1,200.0,0.00015,0.0025,6.14e-11,3700001.685922231,1.1028498327804657e-11,1.1028498327804657e-11,1.1130098386543125e-11,4.323530811068843e-05,4.323530259111597e-05,5.5195725569241515e-12,2.324429723965347e-15,1.0
benchmark_200C,21.0,0.00580644,9.0,0.0381,0.0025,0.0762,80,5,80,1,200.0,0.00015,0.0025,6.14e-11,3700001.685922231,1.0189208399600626e-11,1.0189208399600626e-11,1.0283338545970109e-11,4.323535356981397e-05,4.3235348470202904e-05,5.099611165073276e-12,2.2412828620141207e-15,1.0
benchmark_200C,21.1,0.00580644,9.0,0.0381,0.0025,0.0762,80,5,80,1,200.0,0.00015,0.0025,6.14e-11,3700001.685922231,9.411814151843346e-12,9.411814151843346e-12,9.499004030577873e-12,4.32353955605972e-05,4.323539084998354e-05,4.710613758387656e-12,2.2645188634868186e-15,1.0
benchmark_200C,21.200000000000003,0.00580644,9.0,0.0381,0.0025,0.0762,80,5,80,1,200.0,0.00015,0.0025,6.14e-11,3700001.685922231,8.691911906036446e-12,8.691911906036446e-12,8.772655166807675e-12,4.323543433953851e-05,4.323542998916069e-05,4.350377920200752e-12,2.1852593190784117e-15,1.0
benchmark_200C,21.3,0.00580644,9.0,0.0381,0.0025,0.0762,80,5,80,1,200.0,0.00015,0.0025,6.14e-11,3700001.685922231,8.025398435192978e-12,8.025398435192978e-12,8.100155057202099e-12,4.323547014483179e-05,4.323546612798043e-05,4.0168514545582905e-12,2.0554664021025637e-15,1.0
benchmark_200C,21.400000000000002,0.00580644,9.0,0.0381,0.0025,0.0762,80,5,80,1,200.0,0.00015,0.0025,6.14e-11,3700001.685922231,7.40845147062375e-12,7.40845147062375e-12,7.47764994637355e-12,4.323550319761787e-05,4.323549948949531e-05,3.708122643325219e-12,2.062991525745962e-15,1.0
benchmark_200C,21.5,0.00580644,9.0,0.0381,0.0025,0.0762,80,5,80,1,200.0,0.00015,0.0025,6.14e-11,3700001.685922231,6.837511396334299e-12,6.837511396334299e-12,6.901550782413345e-12,4.323553370315635e-05,4.323553028074535e-05,3.4224110966176686e-12,2.1808278632926695e-15,1.0
benchmark_200C,21.6,0.00580644,9.0,0.0381,0.0025,0.0762,80,5,80,1,200.0,0.00015,0.0025,6.14e-11,3700001.685922231,6.309264064477378e-12,6.309264064477378e-12,6.368515906804705e-12,4.3235561851920805e-05,4.323555869386174e-05,3.158059163329023e-12,2.2325269513976286e-15,1.0
benchmark_200C,21.700000000000003,0.00580644,9.0,0.0381,0.0025,0.0762,80,5,80,1,200.0,0.00015,0.0025,6.14e-11,3700001.685922231,5.820624668608473e-12,5.820624668608473e-12,5.87543480921813e-12,4.3235587820621926e-05,4.323558490709815e-05,2.9135238701656e-12,2.1134427820468268e-15,1.0
benchmark_200C,21.8,0.00580644,9.0,0.0381,0.0025,0.0762,80,5,80,1,200.0,0.00015,0.0025,6.14e-11,3700001.685922231,5.368722614657483e-12,5.368722614657483e-12,5.4194128867482195e-12,4.323561177316326e-05,4.323560908579399e-05,2.687369359187084e-12,2.100733265375482e-15,1.0
benchmark_200C,21.900000000000002,0.00580644,9.0,0.0381,0.0025,0.0762,80,5,80,1,200.0,0.00015,0.0025,6.14e-11,3700001.685922231,4.950887332569307e-12,4.950887332569307e-12,4.997757150204759e-12,4.3235633861533616e-05,4.323563138327391e-05,2.478259795363396e-12,2.123024520192794e-15,1.0
benchmark_200C,22.0,0.00580644,9.0,0.0381,0.0025,0.0762,80,5,80,1,200.0,0.00015,0.0025,6.14e-11,3700001.685922231,4.564634974478135e-12,4.564634974478135e-12,4.607962822997224e-12,4.323565422664013e-05,4.3235651941687506e-05,2.284952717112848e-12,2.185558977408778e-15,1.0
benchmark_200C,22.1,0.00580644,9.0,0.0381,0.0025,0.0762,80,5,80,1,200.0,0.00015,0.0025,6.14e-11,3700001.685922231,4.207655948070299e-12,4.207655948070299e-12,4.24770078095537e-12,4.323567299908569e-05,4.323567089279298e-05,2.1062928041786942e-12,2.2606277776043614e-15,1.0
benchmark_200C,22.200000000000003,0.00580644,9.0,0.0381,0.0025,0.0762,80,5,80,1,200.0,0.00015,0.0025,6.14e-11,3700001.685922231,3.877803236461301e-12,3.877803236461301e-12,3.9148057841128876e-12,4.3235690299894274e-05,4.323568835868834e-05,1.9412060385341047e-12,2.334850706466666e-15,1.0
benchmark_200C,22.3,0.00580644,9.0,0.0381,0.0025,0.0762,80,5,80,1,200.0,0.00015,0.0025,6.14e-11,3700001.685922231,3.573081458466241e-12,3.573081458466241e-12,3.6072654540476234e-12,4.3235706241187475e-05,4.323570445249334e-05,1.78869423528001e-12,2.3939700224026294e-15,1.0
benchmark_200C,22.400000000000002,0.00580644,9.0,0.0381,0.0025,0.0762,80,5,80,1,200.0,0.00015,0.0025,6.14e-11,3700001.685922231,3.291636625584679e-12,3.291636625584679e-12,3.323209952826246e-12,4.3235720926815324e-05,4.32357192789855e-05,1.6478299217190295e-12,2.3107424636961874e-15,1.0
benchmark_200C,22.5,0.00580644,9.0,0.0381,0.0025,0.0762,80,5,80,1,200.0,0.00015,0.0025,6.14e-11,3700001.685922231,3.031746554352325e-12,3.031746554352325e-12,3.0609023219449487e-12,4.3235734452944326e-05,4.323573293519288e-05,1.5177515439523674e-12,2.255341509546439e-15,1.0
benchmark_200C,22.6,0.00580644,9.0,0.0381,0.0025,0.0762,80,5,80,1,200.0,0.00015,0.0025,6.14e-11,3700001.685922231,2.7918118949374413e-12,2.7918118949374413e-12,2.818729441895055e-12,4.3235746908605496e-05,4.323574551094661e-05,1.397658981457462e-12,2.2359071929025247e-15,1.0
benchmark_200C,22.700000000000003,0.00580644,9.0,0.0381,0.0025,0.0762,80,5,80,1,200.0,0.00015,0.0025,6.14e-11,3700001.685922231,2.5703477389831835e-12,2.5703477389831835e-12,2.5951935751171442e-12,4.3235758376204935e-05,4.323575708939568e-05,1.2868093511640904e-12,2.2225067802349315e-15,1.0
benchmark_200C,22.8,0.00580644,9.0,0.0381,0.0025,0.0762,80,5,80,1,200.0,0.00015,0.0025,6.14e-11,3700001.685922231,2.3659757717200507e-12,2.3659757717200507e-12,2.388904457141595e-12,4.32357689319994e-05,4.3235767747486417e-05,1.184513083556611e-12,2.2936597352157913e-15,1.0
benchmark_200C,22.900000000000002,0.00580644,9.0,0.0381,0.0025,0.0762,80,5,80,1,200.0,0.00015,0.0025,6.14e-11,3700001.685922231,2.177416935301096e-12,2.177416935301096e-12,2.1985719026523113e-12,4.3235778646539134e-05,4.323577755640898e-05,1.0901302542927078e-12,2.2668476124031245e-15,1.0
benchmark_200C,23.0,0.00580644,9.0,0.0381,0.0025,0.0762,80,5,80,1,200.0,0.00015,0.0025,6.14e-11,3700001.685922231,2.0034845721474374e-12,2.0034845721474374e-12,2.0229988950558837e-12,4.32357875850801e-05,4.323578658201304e-05,1.0030671557451812e-12,2.176358125674506e-15,1.0
benchmark_200C,23.1,0.00580644,9.0,0.0381,0.0025,0.0762,80,5,80,1,200.0,0.00015,0.0025,6.14e-11,3700001.685922231,1.8430780188381817e-12,1.8430780188381817e-12,1.861075129894826e-12,4.323579580796767e-05,4.323579488519467e-05,9.2277309374535e-13,2.1608736628019224e-15,1.0
benchmark_200C,23.200000000000003,0.00580644,9.0,0.0381,0.0025,0.0762,80,5,80,1,200.0,0.00015,0.0025,6.14e-11,3700001.685922231,1.6951766227396429e-12,1.6951766227396429e-12,1.7117709841139047e-12,4.323580337099356e-05,4.323580252225626e-05,8.487373956358698e-13,2.223133188441448e-15,1.0
benchmark_200C,23.3,0.00580644,9.0,0.0381,0.0025,0.0762,80,5,80,1,200.0,0.00015,0.0025,6.14e-11,3700001.685922231,1.55883415514667e-12,1.55883415514667e-12,1.5741318847757468e-12,4.32358103257279e-05,4.323580954524138e-05,7.804866165287325e-13,2.185492217463812e-15,1.0
benchmark_200C,23.400000000000002,0.00580644,9.0,0.0381,0.0025,0.0762,80,5,80,1,200.0,0.00015,0.0025,6.14e-11,3700001.685922231,1.4331735962082866e-12,1.4331735962082866e-12,1.4472730523301483e-12,4.3235816719828e-05,4.323581600224616e-05,7.175819314129155e-13,2.1825218820250756e-15,1.0
benchmark_200C,23.5,0.00580644,9.0,0.0381,0.0025,0.0762,80,5,80,1,200.0,0.00015,0.0025,6.14e-11,3700001.685922231,1.3173822683329355e-12,1.3173822683329355e-12,1.3303745949730515e-12,4.32358225973254e-05,4.3235821937708794e-05,6.596167014668408e-13,2.1674895355642443e-15,1.0
benchmark_200C,23.6,0.00580644,9.0,0.0381,0.0025,0.0762,80,5,80,1,200.0,0.00015,0.0025,6.14e-11,3700001.685922231,1.2107072961186588e-12,1.2107072961186588e-12,1.2226769319894123e-12,4.323582799889271e-05,4.32358273926786e-05,6.062142036050085e-13,2.059718044066681e-15,1.0
benchmark_200C,23.700000000000003,0.00580644,9.0,0.0381,0.0025,0.0762,80,5,80,1,200.0,0.00015,0.0025,6.14e-11,3700001.685922231,1.1124513721342297e-12,1.1124513721342297e-12,1.1234765252626214e-12,4.323583296209148e-05,4.3235832405066054e-05,5.570255129278008e-13,1.980421848239043e-15,1.0
benchmark_200C,23.8,0.00580644,9.0,0.0381,0.0025,0.0762,80,5,80,1,200.0,0.00015,0.0025,6.14e-11,3700001.685922231,1.0219688090906653e-12,1.0219688090906653e-12,1.032121899354056e-12,4.323583752160254e-05,4.32358370098751e-05,5.117275283494607e-13,2.038634803917388e-15,1.0
benchmark_200C,23.900000000000002,0.00580644,9.0,0.0381,0.0025,0.0762,80,5,80,1,200.0,0.00015,0.0025,6.14e-11,3700001.685922231,9.38661860092184e-13,9.38661860092184e-13,9.48009931713136e-13,4.3235841709439874e-05,4.323584123941883e-05,4.70021132253494e-13,2.082494530720039e-15,1.0
benchmark_200C,24.0,0.00580644,9.0,0.0381,0.0025,0.0762,80,5,80,1,200.0,0.00015,0.0025,6.14e-11,3700001.685922231,8.619772897442492e-13,8.619772897442492e-13,8.70582395673638e-13,4.323584555514921e-05,4.323584512351982e-05,4.3162947556844494e-13,2.000450646434994e-15,1.0
benchmark_200C,24.1,0.00580644,9.0,0.0381,0.0025,0.0762,80,5,80,1,200.0,0.00015,0.0025,6.14e-11,3700001.685922231,7.914031799262419e-13,7.914031799262419e-13,7.993227399285218e-13,4.323584908599234e-05,4.323584868969605e-05,3.96296380171468e-13,2.071767945239384e-15,1.0
benchmark_200C,24.200000000000003,0.00580644,9.0,0.0381,0.0025,0.0762,80,5,80,1,200.0,0.00015,0.0025,6.14e-11,3700001.685922231,7.264659550107899e-13,7.264659550107899e-13,7.337530891561704e-13,4.323585232711822e-05,4.323585196333346e-05,3.6378485101389024e-13,2.093315012159411e-15,1.0
benchmark_200C,24.3,0.00580644,9.0,0.0381,0.0025,0.0762,80,5,80,1,200.0,0.00015,0.0025,6.14e-11,3700001.685922231,6.667276122328018e-13,6.667276122328018e-13,6.734314513979751e-13,4.323585530172165e-05,4.323585496784605e-05,3.3387569082306035e-13,2.0951958271089086e-15,1.0
benchmark_200C,24.400000000000002,0.00580644,9.0,0.0381,0.0025,0.0762,80,5,80,1,200.0,0.00015,0.0025,6.14e-11,3700001.685922231,6.117831437817444e-13,6.117831437817444e-13,6.179491186633311e-13,4.323585803119048e-05,4.323585772482436e-05,3.063662106696499e-13,2.139091088195388e-15,1.0
benchmark_200C,24.5,0.00580644,9.0,0.0381,0.0025,0.0762,80,5,80,1,200.0,0.00015,0.0025,6.14e-11,3700001.685922231,5.612581380128758e-13,5.612581380128758e-13,5.66928248065686e-13,4.323586053524213e-05,4.3235860254173196e-05,2.810690301003215e-13,2.1506903062119627e-15,1.0
benchmark_200C,24.6,0.00580644,9.0,0.0381,0.0025,0.0762,80,5,80,1,200.0,0.00015,0.0025,6.14e-11,3700001.685922231,5.148065479492464e-13,5.148065479492464e-13,5.200196115745567e-13,4.323586283205015e-05,4.323586257423928e-05,2.5781096092342615e-13,2.119652033706051e-15,1.0
benchmark_200C,24.700000000000003,0.00580644,9.0,0.0381,0.0025,0.0762,80,5,80,1,200.0,0.00015,0.0025,6.14e-11,3700001.685922231,4.721086159788329e-13,4.721086159788329e-13,4.769005032058253e-13,4.3235864938361455e-05,4.3235864701929575e-05,2.364319691013897e-13,2.068627571014885e-15,1.0
benchmark_200C,24.8,0.00580644,9.0,0.0381,0.0025,0.0762,80,5,80,1,200.0,0.00015,0.0025,6.14e-11,3700001.685922231,4.3286894434190866e-13,4.3286894434190866e-13,4.3727279316807653e-13,4.323586686960507e-05,4.3235866652820955e-05,2.1678420954857817e-13,2.1412332174519928e-15,1.0
benchmark_200C,24.900000000000002,0.00580644,9.0,0.0381,0.0025,0.0762,80,5,80,1,200.0,0.00015,0.0025,6.14e-11,3700001.685922231,3.9681470165517976e-13,3.9681470165517976e-13,4.0086111913854634e-13,4.323586863999278e-05,4.323586844126175e-05,1.9873112895892266e-13,2.2260173292667995e-15,1.0
benchmark_200C,25.0,0.00580644,9.0,0.0381,0.0025,0.0762,80,5,80,1,200.0,0.00015,0.0025,6.14e-11,3700001.685922231,3.636939563330238e-13,3.636939563330238e-13,3.6741120546026454e-13,4.3235870262612376e-05,4.323587008046584e-05,1.8214663209428416e-13,2.264568245486913e-15,1.0
benchmark_200C,25.1,0.00580644,9.0,0.0381,0.0025,0.0762,80,5,80,1,200.0,0.00015,0.0025,6.14e-11,3700001.685922231,3.3327412834432904e-13,3.3327412834432904e-13,3.36688301634151e-13,4.3235871749513994e-05,4.323587158259978e-05,1.669143072534637e-13,2.20440196068414e-15,1.0
benchmark_200C,25.200000000000003,0.00580644,9.0,0.0381,0.0025,0.0762,80,5,80,1,200.0,0.00015,0.0025,6.14e-11,3700001.685922231,3.053405512879333e-13,3.053405512879333e-13,3.0847573202805856e-13,4.3235873111790036e-05,4.323587295886342e-05,1.5292670691383436e-13,2.1308395319672927e-15,1.0
benchmark_200C,25.3,0.00580644,9.0,0.0381,0.0025,0.0762,80,5,80,1,200.0,0.00015,0.0025,6.14e-11,3700001.685922231,2.796951372819964e-13,2.796951372819964e-13,2.8257354924072146e-13,4.323587435964913e-05,4.323587421956454e-05,1.400846797936217e-13,2.0209115927576546e-15,1.0
benchmark_200C,25.400000000000002,0.00580644,9.0,0.0381,0.0025,0.0762,80,5,80,1,200.0,0.00015,0.0025,6.14e-11,3700001.685922231,2.561551376447658e-13,2.561551376447658e-13,2.5879728404406375e-13,4.323587550248458e-05,4.323587537418792e-05,1.282967508237924e-13,2.135178006018471e-15,1.0
benchmark_200C,25.5,0.00580644,9.0,0.0381,0.0025,0.0762,80,5,80,1,200.0,0.00015,0.0025,6.14e-11,3700001.685922231,2.3455199279750903e-13,2.3455199279750903e-13,2.369767852838565e-13,4.323587654893766e-05,4.32358764314592e-05,1.174785457450597e-13,2.0907621913763103e-15,1.0
benchmark_200C,25.6,0.00580644,9.0,0.0381,0.0025,0.0762,80,5,80,1,200.0,0.00015,0.0025,6.14e-11,3700001.685922231,2.1473026524652e-13,2.1473026524652e-13,2.1695514354789877e-13,4.323587750695615e-05,4.323587739940398e-05,1.0755225725849592e-13,1.9925709903364927e-15,1.0
benchmark_200C,25.700000000000003,0.00580644,9.0,0.0381,0.0025,0.0762,80,5,80,1,200.0,0.00015,0.0025,6.14e-11,3700001.685922231,1.9654664990155684e-13,1.9654664990155684e-13,1.9858769281421941e-13,4.3235878383848495e-05,4.323587828540243e-05,9.844614985837903e-14,1.9515488069209226e-15,1.0
benchmark_200C,25.8,0.00580644,9.0,0.0381,0.0025,0.0762,80,5,80,1,200.0,0.00015,0.0025,6.14e-11,3700001.685922231,1.798690563641563e-13,1.798690563641563e-13,1.817410846706115e-13,4.32358791863338e-05,4.323587909623978e-05,9.00941006638804e-14,1.965363449486458e-15,1.0
benchmark_200C,25.900000000000002,0.00580644,9.0,0.0381,0.0025,0.0762,80,5,80,1,200.0,0.00015,0.0025,6.14e-11,3700001.685922231,1.645757581723916e-13,1.645757581723916e-13,1.6629243005250554e-13,4.3235879920588096e-05,4.3235879838153006e-05,8.243517374269857e-14,1.946814011760239e-15,1.0
benchmark_200C,26.0,0.00580644,9.0,0.0381,0.0025,0.0762,80,5,80,1,200.0,0.00015,0.0025,6.14e-11,3700001.685922231,1.5055460432007813e-13,1.5055460432007813e-13,1.5212850378005255e-13,4.323588059228705e-05,4.323588051687391e-05,7.541322558541262e-14,2.002538467833296e-15,1.0
benchmark_200C,26.1,0.00580644,9.0,0.0381,0.0025,0.0762,80,5,80,1,200.0,0.00015,0.0025,6.14e-11,3700001.685922231,1.377022886793269e-13,1.377022886793269e-13,1.3914500748848467e-13,4.3235881206645436e-05,4.323588113766899e-05,6.897653954473495e-14,2.127826374374747e-15,1.0
benchmark_200C,26.200000000000003,0.00580644,9.0,0.0381,0.0025,0.0762,80,5,80,1,200.0,0.00015,0.0025,6.14e-11,3700001.685922231,1.2592367324696935e-13,1.2592367324696935e-13,1.2724588683960403e-13,4.3235881768453564e-05,4.3235881705376165e-05,6.307748719961816e-14,2.053991533606671e-15,1.0
benchmark_200C,26.3,0.00580644,9.0,0.0381,0.0025,0.0762,80,5,80,1,200.0,0.00015,0.0025,6.14e-11,3700001.685922231,1.1513116140869697e-13,1.1513116140869697e-13,1.1634269917761625e-13,4.3235882282110924e-05,4.32358822244388e-05,5.7672214740802e-14,2.1446473015303846e-15,1.0
benchmark_200C,26.400000000000002,0.00580644,9.0,0.0381,0.0025,0.0762,80,5,80,1,200.0,0.00015,0.0025,6.14e-11,3700001.685922231,1.0524411767095053e-13,1.0524411767095053e-13,1.0635402805063909e-13,4.323588275165727e-05,4.323588269893701e-05,5.272035260245837e-14,2.1652672402536187e-15,1.0
benchmark_200C,26.5,0.00580644,9.0,0.0381,0.0025,0.0762,80,5,80,1,200.0,0.00015,0.0025,6.14e-11,3700001.685922231,9.61883305505407e-14,9.61883305505407e-14,9.720494126098134e-14,4.323588318080125e-05,4.323588313261659e-05,4.818474668454798e-14,2.119393758301194e-15,1.0
benchmark_200C,26.6,0.00580644,9.0,0.0381,0.0025,0.0762,80,5,80,1,200.0,0.00015,0.0025,6.14e-11,3700001.685922231,8.789551553668819e-14,8.789551553668819e-14,8.882648933369934e-14,4.323588357294685e-05,4.3235883528915735e-05,4.403120962284134e-14,2.1379779287572913e-15,1.0
benchmark_200C,26.700000000000003,0.00580644,9.0,0.0381,0.0025,0.0762,80,5,80,1,200.0,0.00015,0.0025,6.14e-11,3700001.685922231,8.030285525052181e-14,8.030285525052181e-14,8.115524150489837e-14,4.323588393121782e-05,4.3235883890989624e-05,4.0228290668721764e-14,2.172232704321311e-15,1.0
benchmark_200C,26.8,0.00580644,9.0,0.0381,0.0025,0.0762,80,5,80,1,200.0,0.00015,0.0025,6.14e-11,3700001.685922231,7.335257412389336e-14,7.335257412389336e-14,7.413285652958175e-14,4.3235884258480134e-05,4.323588422173316e-05,3.674706283929256e-14,2.085929908881545e-15,1.0
benchmark_200C,26.900000000000002,0.00580644,9.0,0.0381,0.0025,0.0762,80,5,80,1,200.0,0.00015,0.0025,6.14e-11,3700001.685922231,6.699154510348471e-14,6.699154510348471e-14,6.770568579438943e-14,4.323588455736273e-05,4.3235884523801895e-05,3.3560926090365306e-14,2.1182894109093887e-15,1.0
benchmark_200C,27.0,0.00580644,9.0,0.0381,0.0025,0.0762,80,5,80,1,200.0,0.00015,0.0025,6.14e-11,3700001.685922231,6.117092605834879e-14,6.117092605834879e-14,6.182440639407289e-14,4.323588483027665e-05,4.323588479963132e-05,3.064542535098835e-14,2.123322242366979e-15,1.0
benchmark_200C,27.1,0.00580644,9.0,0.0381,0.0025,0.0762,80,5,80,1,200.0,0.00015,0.0025,6.14e-11,3700001.685922231,5.5845823729942674e-14,5.5845823729942674e-14,5.644368199273152e-14,4.323588507943264e-05,4.323588505145465e-05,2.797808233863584e-14,2.2250001013180655e-15,1.0
benchmark_200C,27.200000000000003,0.00580644,9.0,0.0381,0.0025,0.0762,80,5,80,1,200.0,0.00015,0.0025,6.14e-11,3700001.685922231,5.097498321410725e-14,5.097498321410725e-14,5.1521849442407634e-14,4.3235885306857387e-05,4.323588528131924e-05,2.5538240149377848e-14,2.200618915214921e-15,1.0
benchmark_200C,27.3,0.00580644,9.0,0.0381,0.0025,0.0762,80,5,80,1,200.0,0.00015,0.0025,6.14e-11,3700001.685922231,4.652050110489871e-14,4.652050110489871e-14,4.702062927320511e-14,4.323588551440848e-05,4.323588549110165e-05,2.33069196875848e-14,2.0783648209102355e-15,1.0
benchmark_200C,27.400000000000002,0.00580644,9.0,0.0381,0.0025,0.0762,80,5,80,1,200.0,0.00015,0.0025,6.14e-11,3700001.685922231,4.244756056135827e-14,4.244756056135827e-14,4.290485830131384e-14,4.323588570378815e-05,4.323588568252156e-05,2.1266687065315453e-14,2.2049584187191712e-15,1.0
benchmark_200C,27.5,0.00580644,9.0,0.0381,0.0025,0.0762,80,5,80,1,200.0,0.00015,0.0025,6.14e-11,3700001.685922231,3.87241866807483e-14,3.87241866807483e-14,3.9142242724745394e-14,4.3235885876556006e-05,4.323588585715457e-05,1.940153116276781e-14,2.137763745791798e-15,1.0
benchmark_200C,27.6,0.00580644,9.0,0.0381,0.0025,0.0762,80,5,80,1,200.0,0.00015,0.0025,6.14e-11,3700001.685922231,3.532102067603764e-14,3.532102067603764e-14,3.570313019175563e-14,4.3235886034140644e-05,4.3235886016443985e-05,1.7696750598308396e-14,2.105447204925705e-15,1.0
benchmark_200C,27.700000000000003,0.00580644,9.0,0.0381,0.0025,0.0762,80,5,80,1,200.0,0.00015,0.0025,6.14e-11,3700001.685922231,3.22111114620166e-14,3.22111114620166e-14,3.25602994343856e-14,4.323588617785043e-05,4.3235886161711673e-05,1.6138849409904158e-14,2.16247777038771e-15,1.0
benchmark_200C,27.8,0.00580644,9.0,0.0381,0.0025,0.0762,80,5,80,1,200.0,0.00015,0.0025,6.14e-11,3700001.685922231,2.936972335381371e-14,2.936972335381371e-14,2.968876615975243e-14,4.323588630888337e-05,4.323588629416802e-05,1.4715440799488004e-14,2.1570253162515475e-15,1.0
benchmark_200C,27.900000000000002,0.00580644,9.0,0.0381,0.0025,0.0762,80,5,80,1,200.0,0.00015,0.0025,6.14e-11,3700001.685922231,2.6774158674255434e-14,2.6774158674255434e-14,2.7065603985143232e-14,4.3235886428336205e-05,4.323588641492114e-05,1.341515833813462e-14,2.184875056914889e-15,1.0
benchmark_200C,28.0,0.00580644,9.0,0.0381,0.0025,0.0762,80,5,80,1,200.0,0.00015,0.0025,6.14e-11,3700001.685922231,2.4403594152868466e-14,2.4403594152868466e-14,2.4669779290030258e-14,4.323588653721278e-05,4.3235886524985294e-05,1.2227574073113894e-14,2.105880748247664e-15,1.0
benchmark_200C,28.1,0.00580644,9.0,0.0381,0.0025,0.0762,80,5,80,1,200.0,0.00015,0.0025,6.14e-11,3700001.685922231,2.223893007977606e-14,2.223893007977606e-14,2.248199893924079e-14,4.32358866364317e-05,4.323588662528867e-05,1.1143123018127402e-14,2.148420668975822e-15,1.0
benchmark_200C,28.200000000000003,0.00580644,9.0,0.0381,0.0025,0.0762,80,5,80,1,200.0,0.00015,0.0025,6.14e-11,3700001.685922231,2.0262651252676354e-14,2.0262651252676354e-14,2.0484569907068155e-14,4.323588672683347e-05,4.3235886716680525e-05,1.0153033545513202e-14,2.0830822562893777e-15,1.0
benchmark_200C,28.3,0.00580644,9.0,0.0381,0.0025,0.0762,80,5,80,1,200.0,0.00015,0.0025,6.14e-11,3700001.685922231,1.8458698824853014e-14,1.8458698824853014e-14,1.8661269902453655e-14,4.3235886809186904e-05,4.323588679993773e-05,9.249263234097981e-15,2.0898076367975895e-15,1.0
benchmark_200C,28.400000000000002,0.00580644,9.0,0.0381,0.0025,0.0762,80,5,80,1,200.0,0.00015,0.0025,6.14e-11,3700001.685922231,1.6812352227105165e-14,1.6812352227105165e-14,1.699722816084602e-14,4.323588688419517e-05,4.3235886875770816e-05,8.424439758855608e-15,2.0176454296397308e-15,1.0
benchmark_200C,28.5,0.00580644,9.0,0.0381,0.0025,0.0762,80,5,80,1,200.0,0.00015,0.0025,6.14e-11,3700001.685922231,1.531012039690449e-14,1.531012039690449e-14,1.547881562927215e-14,4.3235886952501226e-05,4.323588694482951e-05,7.671806438753791e-15,2.0060635404387603e-15,1.0
benchmark_200C,28.6,0.00580644,9.0,0.0381,0.0025,0.0762,80,5,80,1,200.0,0.00015,0.0025,6.14e-11,3700001.685922231,1.3939641604287057e-14,1.3939641604287057e-14,1.4093543827825884e-14,4.32358870146929e-05,4.323588700770781e-05,6.985172087282401e-15,1.9519563385782196e-15,1.0
benchmark_200C,28.700000000000003,0.00580644,9.0,0.0381,0.0025,0.0762,80,5,80,1,200.0,0.00015,0.0025,6.14e-11,3700001.685922231,1.2689591216252935e-14,1.2689591216252935e-14,1.2829971723487875e-14,4.323588707130748e-05,4.323588706494869e-05,6.358864836301287e-15,1.8521892675314223e-15,1.0
benchmark_200C,28.8,0.00580644,9.0,0.0381,0.0025,0.0762,80,5,80,1,200.0,0.00015,0.0025,6.14e-11,3700001.685922231,1.1549596790027197e-14,1.1549596790027197e-14,1.1677620001182853e-14,4.3235887122835974e-05,4.323588711704836e-05,5.787689628147297e-15,1.7608031106062692e-15,1.0
benchmark_200C,28.900000000000002,0.00580644,9.0,0.0381,0.0025,0.0762,80,5,80,1,200.0,0.00015,0.0025,6.14e-11,3700001.685922231,1.0510159930687583e-14,1.0510159930687583e-14,1.0626892162517308e-14,4.323588716972703e-05,4.323588716446021e-05,5.2668890935274034e-15,1.6678001256457885e-15,1.0
benchmark_200C,29.0,0.00580644,9.0,0.0381,0.0025,0.0762,80,5,80,1,200.0,0.00015,0.0025,6.14e-11,3700001.685922231,9.562584390611892e-15,9.562584390611892e-15,9.669001924946711e-15,4.323588721239047e-05,4.323588720759843e-05,4.792107553709433e-15,1.6069196110848283e-15,1.0
benchmark_200C,29.1,0.00580644,9.0,0.0381,0.0025,0.0762,80,5,80,1,200.0,0.00015,0.0025,6.14e-11,3700001.685922231,8.698909927155304e-15,8.698909927155304e-15,8.79590643341446e-15,4.323588725120063e-05,4.323588724684135e-05,4.35935790501159e-15,1.6733502151124494e-15,1.0
benchmark_200C,29.200000000000003,0.00580644,9.0,0.0381,0.0025,0.0762,80,5,80,1,200.0,0.00015,0.0025,6.14e-11,3700001.685922231,7.911851471144056e-15,7.911851471144056e-15,8.000244832992199e-15,4.3235887286499335e-05,4.323588728253442e-05,3.964991161689901e-15,1.789472644680682e-15,1.0
benchmark_200C,29.3,0.00580644,9.0,0.0381,0.0025,0.0762,80,5,80,1,200.0,0.00015,0.0025,6.14e-11,3700001.685922231,7.194743192347645e-15,7.194743192347645e-15,7.275281784918701e-15,4.3235887318598665e-05,4.323588731499307e-05,3.6056684501210795e-15,1.6840259819700584e-15,1.0
benchmark_200C,29.400000000000002,0.00580644,9.0,0.0381,0.0025,0.0762,80,5,80,1,200.0,0.00015,0.0025,6.14e-11,3700001.685922231,6.541487079250124e-15,6.541487079250124e-15,6.6148555398637105e-15,4.323588734778349e-05,4.323588734450523e-05,3.278335262766868e-15,1.7071791154144474e-15,1.0
benchmark_200C,29.5,0.00580644,9.0,0.0381,0.0025,0.0762,80,5,80,1,200.0,0.00015,0.0025,6.14e-11,3700001.685922231,5.946505679347341e-15,5.946505679347341e-15,6.013330211402092e-15,4.323588737431381e-05,4.323588737133368e-05,2.9801977948685073e-15,1.656312676444387e-15,1.0
benchmark_200C,29.6,0.00580644,9.0,0.0381,0.0025,0.0762,80,5,80,1,200.0,0.00015,0.0025,6.14e-11,3700001.685922231,5.404698673002117e-15,5.404698673002117e-15,5.465551919724059e-15,4.323588739842686e-05,4.323588739571823e-05,2.7087012002315218e-15,1.6836483129265254e-15,1.0
benchmark_200C,29.700000000000003,0.00580644,9.0,0.0381,0.0025,0.0762,80,5,80,1,200.0,0.00015,0.0025,6.14e-11,3700001.685922231,4.911402978744978e-15,4.911402978744978e-15,4.966808500681789e-15,4.323588742033907e-05,4.3235887417877635e-05,2.4615096148973476e-15,1.677489746282173e-15,1.0
benchmark_200C,29.8,0.00580644,9.0,0.0381,0.0025,0.0762,80,5,80,1,200.0,0.00015,0.0025,6.14e-11,3700001.685922231,4.462356110943908e-15,4.462356110943908e-15,4.5127924985122305e-15,4.323588744024786e-05,4.3235887438011445e-05,2.2364878090246135e-15,1.6214891152685507e-15,1.0
benchmark_200C,29.900000000000002,0.00580644,9.0,0.0381,0.0025,0.0762,80,5,80,1,200.0,0.00015,0.0025,6.14e-11,3700001.685922231,4.053662532113151e-15,4.053662532113151e-15,4.099567182112209e-15,4.323588745833327e-05,4.323588745630165e-05,2.0316843379839645e-15,1.5184052651020652e-15,1.0
benchmark_200C,30.0,0.00580644,9.0,0.0381,0.0025,0.0762,80,5,80,1,200.0,0.00015,0.0025,6.14e-11,3700001.685922231,3.681762761906228e-15,3.681762761906228e-15,3.723535344693e-15,4.323588747475945e-05,4.32358874729142e-05,1.8453160735654565e-15,1.502510324744068e-15,1.0
